mandate_id,principal_id,agent_id,merchant_scope,reserve_limit_paise,created_at,last_confirmed_at,expires_at,status,revoked_at,confirmation_times
M0000,P0000,A0000,MER0088|MER0159|MER0166|MER0138,725573,2026-04-03T03:00:00,2026-04-03T03:00:00,2027-03-21T03:00:00,active,,2026-04-29T02:28:21.336704
M0001,P0001,A0001,MER0164|MER0144|MER0172|MER0052,10558127,2026-04-21T15:00:00,2026-04-21T15:00:00,2026-11-05T15:00:00,active,,2026-06-08T17:55:37.653384
M0002,P0002,A0002,MER0092|MER0047,3650054,2026-04-03T12:00:00,2026-04-03T12:00:00,2027-03-06T12:00:00,active,,2026-04-12T01:07:40.679806|2026-07-12T01:43:02.310940
M0003,P0003,A0003,MER0159|MER0187,7047396,2026-04-22T15:00:00,2026-04-22T15:00:00,2027-01-30T15:00:00,active,,
M0004,P0004,A0004,MER0129|MER0113|MER0044|MER0186,1027389,2026-04-20T09:00:00,2026-04-20T09:00:00,2027-02-03T09:00:00,active,,
M0005,P0005,A0005,MER0029|MER0071,663635,2026-04-08T03:00:00,2026-04-08T03:00:00,2027-04-12T03:00:00,active,,2026-04-24T04:42:06.546884
M0006,P0006,A0006,MER0123|MER0053|MER0008|MER0156,2657207,2026-04-05T01:00:00,2026-04-05T01:00:00,2026-11-16T01:00:00,active,,
M0007,P0007,A0007,MER0155|MER0031|MER0063,11051836,2026-04-08T17:00:00,2026-04-08T17:00:00,2027-05-23T17:00:00,active,,
M0008,P0008,A0008,MER0019|MER0190|MER0061|MER0157,9345557,2026-04-22T06:00:00,2026-04-22T06:00:00,2027-03-22T06:00:00,active,,2026-05-12T05:57:40.319331|2026-07-29T22:10:11.909395
M0009,P0009,A0009,MER0103|MER0169|MER0160|MER0072,5169338,2026-04-18T17:00:00,2026-04-18T17:00:00,2027-03-05T17:00:00,revoked,2026-06-04T17:00:00,
M0010,P0010,A0010,MER0157|MER0057|MER0053,13184562,2026-04-04T04:00:00,2026-04-04T04:00:00,2027-02-23T04:00:00,active,,2026-04-10T05:38:07.768647|2026-04-25T17:53:32.653929|2026-06-30T19:05:26.205199|2026-07-22T09:00:38.371599
M0011,P0011,A0011,MER0161|MER0033|MER0016,763746,2026-04-11T23:00:00,2026-04-11T23:00:00,2027-07-31T23:00:00,active,,2026-04-25T01:45:02.777829|2026-05-08T00:20:40.735465|2026-05-08T06:22:00.991172
M0012,P0012,A0012,MER0125|MER0060|MER0106|MER0072,6421826,2026-04-06T07:00:00,2026-04-06T07:00:00,2026-10-30T07:00:00,active,,2026-04-27T18:26:51.765710|2026-04-29T14:52:03.313962|2026-05-20T05:49:07.773899|2026-05-29T22:21:46.557728
M0013,P0013,A0013,MER0062|MER0101|MER0031,9107113,2026-04-05T21:00:00,2026-04-05T21:00:00,2027-02-22T21:00:00,active,,
M0014,P0014,A0014,MER0046|MER0101|MER0065,5200338,2026-04-13T15:00:00,2026-04-13T15:00:00,2027-09-01T15:00:00,active,,
M0015,P0015,A0015,MER0087|MER0035|MER0131|MER0164,1633661,2026-04-18T14:00:00,2026-04-18T14:00:00,2027-06-08T14:00:00,active,,
M0016,P0016,A0016,MER0092|MER0113,976138,2026-04-17T14:00:00,2026-04-17T14:00:00,2027-08-12T14:00:00,active,,
M0017,P0017,A0017,MER0011|MER0146|MER0160,8954152,2026-04-05T04:00:00,2026-04-05T04:00:00,2027-06-04T04:00:00,active,,
M0018,P0018,A0018,MER0159|MER0074|MER0018,6730025,2026-04-20T01:00:00,2026-04-20T01:00:00,2027-05-13T01:00:00,active,,2026-04-22T15:36:52.987098|2026-05-15T04:29:14.092863|2026-07-30T22:27:31.759563
M0019,P0019,A0019,MER0053|MER0144|MER0186,956031,2026-04-21T02:00:00,2026-04-21T02:00:00,2027-06-12T02:00:00,active,,
M0020,P0020,A0020,MER0127|MER0149,1828118,2026-04-23T01:00:00,2026-04-23T01:00:00,2026-11-25T01:00:00,active,,
M0021,P0021,A0021,MER0109|MER0135,14902753,2026-04-12T21:00:00,2026-04-12T21:00:00,2027-07-13T21:00:00,active,,2026-06-20T12:06:39.004563
M0022,P0022,A0022,MER0017|MER0173|MER0127|MER0029,6080339,2026-04-16T00:00:00,2026-04-16T00:00:00,2026-11-02T00:00:00,active,,2026-06-15T10:34:07.977212
M0023,P0023,A0023,MER0097|MER0074,3676051,2026-04-20T08:00:00,2026-04-20T08:00:00,2027-08-10T08:00:00,active,,
M0024,P0024,A0024,MER0113|MER0120,6693141,2026-04-12T09:00:00,2026-04-12T09:00:00,2027-02-27T09:00:00,revoked,2026-06-14T09:00:00,2026-05-12T12:36:13.710686|2026-05-14T11:09:27.871706|2026-05-16T08:28:25.912864|2026-06-03T19:23:06.077390
M0025,P0025,A0025,MER0141|MER0199|MER0122,925460,2026-04-05T13:00:00,2026-04-05T13:00:00,2027-05-24T13:00:00,active,,2026-05-09T23:49:46.425048|2026-07-26T12:14:57.742391
M0026,P0026,A0026,MER0079|MER0033,1314573,2026-04-08T08:00:00,2026-04-08T08:00:00,2027-01-17T08:00:00,active,,
M0027,P0027,A0027,MER0177|MER0031|MER0155,3350342,2026-04-15T03:00:00,2026-04-15T03:00:00,2026-06-06T03:00:00,active,,2026-05-12T15:00:55.696099|2026-05-28T16:58:32.746015
M0028,P0028,A0028,MER0196|MER0101|MER0096,2591923,2026-04-19T14:00:00,2026-04-19T14:00:00,2027-07-14T14:00:00,active,,2026-05-21T20:17:59.177260|2026-06-17T10:37:55.437293|2026-07-21T04:59:38.929755
M0029,P0029,A0029,MER0155|MER0127,1313011,2026-04-12T04:00:00,2026-04-12T04:00:00,2027-03-03T04:00:00,active,,2026-05-14T06:12:18.212501|2026-06-29T18:06:02.314306
M0030,P0030,A0030,MER0045|MER0048|MER0074|MER0033,6391689,2026-04-04T21:00:00,2026-04-04T21:00:00,2027-05-14T21:00:00,active,,2026-06-22T17:52:25.012861
M0031,P0031,A0031,MER0127|MER0148,6275097,2026-04-20T11:00:00,2026-04-20T11:00:00,2026-12-18T11:00:00,active,,2026-05-07T05:16:23.233087|2026-07-08T01:53:16.922361|2026-07-24T04:00:52.438694|2026-07-26T04:26:26.401274
M0032,P0032,A0032,MER0158|MER0117|MER0109|MER0153,9507285,2026-04-13T13:00:00,2026-04-13T13:00:00,2027-07-26T13:00:00,active,,
M0033,P0033,A0033,MER0029|MER0155|MER0009|MER0031,2194362,2026-04-20T08:00:00,2026-04-20T08:00:00,2027-05-10T08:00:00,active,,2026-04-26T21:24:05.522533|2026-04-30T16:10:27.344203|2026-06-25T02:32:30.733308
M0034,P0034,A0034,MER0084|MER0105|MER0068|MER0008,5591874,2026-04-06T11:00:00,2026-04-06T11:00:00,2027-09-14T11:00:00,active,,2026-04-29T19:40:55.590937|2026-05-14T00:00:41.621681|2026-06-16T01:00:53.237876|2026-07-24T22:47:23.902517
M0035,P0035,A0035,MER0128|MER0051|MER0135,3237588,2026-04-15T01:00:00,2026-04-15T01:00:00,2027-03-06T01:00:00,active,,2026-04-25T07:51:03.301261|2026-06-02T03:05:47.764880|2026-07-02T04:39:32.184346|2026-07-17T17:13:25.016844
M0036,P0036,A0036,MER0086|MER0046|MER0147,1292947,2026-04-16T09:00:00,2026-04-16T09:00:00,2027-08-15T09:00:00,active,,2026-05-22T14:15:00.684892|2026-06-11T12:45:31.094482|2026-07-24T08:32:43.977048|2026-07-30T03:43:25.385886
M0037,P0037,A0037,MER0035|MER0001|MER0131,752784,2026-04-23T18:00:00,2026-04-23T18:00:00,2027-07-31T18:00:00,active,,
M0038,P0038,A0038,MER0058|MER0106,3424516,2026-04-13T12:00:00,2026-04-13T12:00:00,2027-03-13T12:00:00,active,,2026-05-01T03:13:48.465509|2026-05-08T17:57:23.091351|2026-05-16T22:02:20.779871|2026-07-08T22:50:27.840784
M0039,P0039,A0039,MER0153|MER0044|MER0108|MER0132,4085223,2026-04-09T08:00:00,2026-04-09T08:00:00,2027-09-01T08:00:00,active,,2026-06-04T13:19:08.417636|2026-06-16T09:49:11.558270|2026-07-28T01:02:27.159809
M0040,P0040,A0040,MER0155|MER0185|MER0147|MER0070,1107198,2026-04-24T20:00:00,2026-04-24T20:00:00,2027-10-11T20:00:00,active,,2026-07-16T19:48:43.194450
M0041,P0041,A0041,MER0013|MER0042|MER0089|MER0145,4066976,2026-04-07T23:00:00,2026-04-07T23:00:00,2027-02-20T23:00:00,active,,
M0042,P0042,A0042,MER0086|MER0176,3461473,2026-04-23T05:00:00,2026-04-23T05:00:00,2027-09-06T05:00:00,active,,2026-06-16T11:48:41.085015|2026-07-18T16:59:10.508087
M0043,P0043,A0043,MER0099|MER0121|MER0039,1460076,2026-04-21T14:00:00,2026-04-21T14:00:00,2026-07-03T14:00:00,active,,2026-05-04T07:42:51.689584|2026-05-08T06:29:24.339362|2026-05-22T05:55:35.413493|2026-06-27T21:19:40.614151
M0044,P0044,A0044,MER0064|MER0183,7124321,2026-04-23T21:00:00,2026-04-23T21:00:00,2027-07-16T21:00:00,active,,
M0045,P0045,A0045,MER0132|MER0144,5523853,2026-04-05T08:00:00,2026-04-05T08:00:00,2026-10-10T08:00:00,active,,2026-04-22T11:00:53.732657|2026-05-27T14:21:18.486219|2026-07-29T21:25:39.174267
M0046,P0046,A0046,MER0057|MER0110|MER0015,1995046,2026-04-06T15:00:00,2026-04-06T15:00:00,2027-09-23T15:00:00,active,,2026-05-01T18:09:40.240329|2026-07-29T10:51:44.663398
M0047,P0047,A0047,MER0029|MER0026|MER0005|MER0155,2957435,2026-04-16T03:00:00,2026-04-16T03:00:00,2026-10-29T03:00:00,active,,2026-06-05T09:05:15.001944
M0048,P0048,A0048,MER0026|MER0090,1265488,2026-04-03T07:00:00,2026-04-03T07:00:00,2027-08-04T07:00:00,active,,
M0049,P0049,A0049,MER0100|MER0007|MER0022|MER0042,8207418,2026-04-12T14:00:00,2026-04-12T14:00:00,2026-12-30T14:00:00,active,,
M0050,P0050,A0050,MER0158|MER0184,14181167,2026-04-05T07:00:00,2026-04-05T07:00:00,2026-10-09T07:00:00,active,,
M0051,P0051,A0051,MER0177|MER0000,4106945,2026-04-06T14:00:00,2026-04-06T14:00:00,2027-06-03T14:00:00,active,,
M0052,P0052,A0052,MER0028|MER0056|MER0114|MER0133,1577720,2026-04-16T14:00:00,2026-04-16T14:00:00,2027-05-09T14:00:00,active,,
M0053,P0053,A0053,MER0033|MER0163|MER0040,1715517,2026-04-19T00:00:00,2026-04-19T00:00:00,2027-07-28T00:00:00,active,,2026-05-01T22:03:58.623883|2026-05-19T05:05:14.949745|2026-05-22T03:16:51.900536|2026-06-20T20:09:46.313398
M0054,P0054,A0054,MER0182|MER0143,2061797,2026-04-13T04:00:00,2026-04-13T04:00:00,2026-11-14T04:00:00,active,,
M0055,P0055,A0055,MER0057|MER0003|MER0156,6002497,2026-04-07T02:00:00,2026-04-07T02:00:00,2027-09-06T02:00:00,active,,2026-04-19T16:18:42.553304|2026-05-23T18:06:28.985475|2026-06-14T09:45:52.515577|2026-07-22T13:35:39.491961
M0056,P0056,A0056,MER0103|MER0060,818053,2026-04-13T13:00:00,2026-04-13T13:00:00,2027-05-04T13:00:00,active,,
M0057,P0057,A0057,MER0105|MER0188|MER0189,4143056,2026-04-12T18:00:00,2026-04-12T18:00:00,2027-04-09T18:00:00,active,,
M0058,P0058,A0058,MER0173|MER0071|MER0037,5101668,2026-04-17T07:00:00,2026-04-17T07:00:00,2027-06-21T07:00:00,active,,
M0059,P0059,A0059,MER0025|MER0012,848128,2026-04-06T08:00:00,2026-04-06T08:00:00,2027-01-02T08:00:00,active,,
M0060,P0060,A0060,MER0193|MER0025|MER0016,10019993,2026-04-20T08:00:00,2026-04-20T08:00:00,2027-01-28T08:00:00,active,,2026-06-14T22:14:32.151724|2026-06-15T02:52:11.964637|2026-07-12T02:11:00.211476
M0061,P0061,A0061,MER0134|MER0036,4403118,2026-04-16T05:00:00,2026-04-16T05:00:00,2027-04-23T05:00:00,active,,2026-06-14T15:47:58.945981|2026-07-16T13:06:32.295064
M0062,P0062,A0062,MER0046|MER0168|MER0147|MER0031,11725634,2026-04-13T22:00:00,2026-04-13T22:00:00,2026-12-05T22:00:00,active,,2026-05-27T04:28:10.028859|2026-06-05T07:33:41.238507|2026-06-08T15:19:39.526962|2026-07-16T04:28:44.432654
M0063,P0063,A0063,MER0133|MER0114|MER0086|MER0096,1632853,2026-04-04T02:00:00,2026-04-04T02:00:00,2026-12-05T02:00:00,active,,2026-07-03T14:39:53.312973
M0064,P0064,A0064,MER0123|MER0039|MER0135,11855961,2026-04-14T23:00:00,2026-04-14T23:00:00,2026-11-08T23:00:00,active,,2026-04-22T23:12:16.582431|2026-06-18T08:37:16.753163|2026-07-22T08:52:44.400211
M0065,P0065,A0065,MER0101|MER0046,11366500,2026-04-04T11:00:00,2026-04-04T11:00:00,2027-05-24T11:00:00,active,,2026-05-06T15:39:56.987234|2026-06-13T06:04:25.564614|2026-06-25T21:15:05.045099|2026-07-29T19:01:39.023315
M0066,P0066,A0066,MER0133|MER0096|MER0185|MER0028,1218203,2026-04-18T07:00:00,2026-04-18T07:00:00,2027-01-28T07:00:00,active,,2026-05-06T10:54:08.937889|2026-05-20T03:24:56.371852|2026-07-28T03:25:31.457388
M0067,P0067,A0067,MER0195|MER0016|MER0166,998227,2026-04-09T19:00:00,2026-04-09T19:00:00,2027-03-07T19:00:00,active,,2026-06-19T17:51:01.136401|2026-07-27T01:56:44.082634
M0068,P0068,A0068,MER0039|MER0189|MER0118|MER0099,14076212,2026-04-06T13:00:00,2026-04-06T13:00:00,2027-06-03T13:00:00,active,,2026-06-21T11:14:29.779484
M0069,P0069,A0069,MER0090|MER0147|MER0177|MER0096,1069095,2026-04-10T03:00:00,2026-04-10T03:00:00,2027-08-22T03:00:00,active,,
M0070,P0070,A0070,MER0008|MER0164,4813476,2026-04-09T13:00:00,2026-04-09T13:00:00,2027-09-09T13:00:00,active,,
M0071,P0071,A0071,MER0177|MER0147|MER0185,12485322,2026-04-23T04:00:00,2026-04-23T04:00:00,2027-04-24T04:00:00,active,,2026-06-03T08:55:55.694465|2026-07-15T21:22:29.763108|2026-07-17T11:09:26.473550
M0072,P0072,A0072,MER0066|MER0125|MER0078|MER0081,2136984,2026-04-23T11:00:00,2026-04-23T11:00:00,2027-08-23T11:00:00,active,,2026-05-13T06:23:11.252406|2026-05-18T12:37:10.942654
M0073,P0073,A0073,MER0168|MER0182|MER0147,4083417,2026-04-17T18:00:00,2026-04-17T18:00:00,2027-01-25T18:00:00,active,,2026-05-17T15:19:08.010672|2026-06-15T00:33:44.841837|2026-07-09T21:00:57.314881
M0074,P0074,A0074,MER0156|MER0008,8069174,2026-04-04T06:00:00,2026-04-04T06:00:00,2027-03-02T06:00:00,active,,
M0075,P0075,A0075,MER0027|MER0140|MER0031,12763120,2026-04-10T08:00:00,2026-04-10T08:00:00,2027-06-20T08:00:00,active,,2026-04-21T08:25:21.973431|2026-06-05T10:32:44.642263|2026-06-16T21:55:26.340591
M0076,P0076,A0076,MER0196|MER0133|MER0067,2012340,2026-04-16T14:00:00,2026-04-16T14:00:00,2027-01-10T14:00:00,active,,2026-05-14T06:51:03.310535|2026-05-26T22:15:23.620043|2026-06-08T01:42:13.039150|2026-06-18T11:29:31.127547
M0077,P0077,A0077,MER0169|MER0130|MER0146,7261262,2026-04-10T18:00:00,2026-04-10T18:00:00,2026-12-20T18:00:00,active,,
M0078,P0078,A0078,MER0009|MER0017,12659051,2026-04-10T17:00:00,2026-04-10T17:00:00,2027-03-14T17:00:00,active,,
M0079,P0079,A0079,MER0172|MER0091,6822322,2026-04-18T01:00:00,2026-04-18T01:00:00,2027-05-04T01:00:00,active,,
M0080,P0080,A0080,MER0067|MER0090,2869765,2026-04-09T11:00:00,2026-04-09T11:00:00,2027-08-25T11:00:00,active,,
M0081,P0081,A0081,MER0019|MER0105|MER0034,3815593,2026-04-19T07:00:00,2026-04-19T07:00:00,2027-04-04T07:00:00,active,,
M0082,P0082,A0082,MER0077|MER0160,11906959,2026-04-05T23:00:00,2026-04-05T23:00:00,2027-07-09T23:00:00,active,,2026-07-04T08:20:22.702388
M0083,P0083,A0083,MER0061|MER0139|MER0049|MER0001,9350057,2026-04-15T13:00:00,2026-04-15T13:00:00,2027-03-21T13:00:00,active,,2026-06-10T06:38:05.376602|2026-07-28T07:49:36.152108
M0084,P0084,A0084,MER0190|MER0131,775879,2026-04-14T05:00:00,2026-04-14T05:00:00,2026-12-18T05:00:00,active,,
M0085,P0085,A0085,MER0062|MER0027|MER0143,3270389,2026-04-14T12:00:00,2026-04-14T12:00:00,2027-04-22T12:00:00,active,,
M0086,P0086,A0086,MER0006|MER0171,3640475,2026-04-24T16:00:00,2026-04-24T16:00:00,2026-12-05T16:00:00,active,,2026-04-30T11:53:41.069677|2026-06-24T14:42:48.338687
M0087,P0087,A0087,MER0052|MER0035|MER0122,5087866,2026-04-09T13:00:00,2026-04-09T13:00:00,2027-07-02T13:00:00,active,,
M0088,P0088,A0088,MER0168|MER0029|MER0065|MER0063,1414017,2026-04-09T18:00:00,2026-04-09T18:00:00,2027-06-16T18:00:00,active,,2026-06-16T23:01:21.108376|2026-07-31T05:07:03.451902
M0089,P0089,A0089,MER0062|MER0143|MER0056|MER0037,7537027,2026-04-03T19:00:00,2026-04-03T19:00:00,2027-01-28T19:00:00,active,,
M0090,P0090,A0090,MER0149|MER0027|MER0000|MER0155,10760138,2026-04-07T21:00:00,2026-04-07T21:00:00,2027-04-25T21:00:00,active,,
M0091,P0091,A0091,MER0190|MER0094|MER0032,624101,2026-04-07T12:00:00,2026-04-07T12:00:00,2027-03-23T12:00:00,active,,2026-07-24T13:59:05.381944|2026-07-27T18:17:10.082496|2026-07-31T03:04:44.756051
M0092,P0092,A0092,MER0020|MER0001|MER0094|MER0158,3125953,2026-04-23T01:00:00,2026-04-23T01:00:00,2027-05-10T01:00:00,active,,2026-06-19T22:18:18.763433
M0093,P0093,A0093,MER0173|MER0168,1998608,2026-04-14T06:00:00,2026-04-14T06:00:00,2027-03-22T06:00:00,active,,2026-04-19T23:24:30.350526|2026-04-27T18:03:01.440831|2026-04-28T22:22:26.394520
M0094,P0094,A0094,MER0127|MER0147|MER0086|MER0070,1579688,2026-04-22T17:00:00,2026-04-22T17:00:00,2027-05-30T17:00:00,active,,2026-05-08T16:24:18.132728|2026-06-27T19:01:43.244252|2026-07-08T07:29:34.018228|2026-07-17T03:48:28.725018
M0095,P0095,A0095,MER0062|MER0037,669094,2026-04-04T15:00:00,2026-04-04T15:00:00,2027-05-29T15:00:00,active,,
M0096,P0096,A0096,MER0168|MER0009,4215433,2026-04-17T23:00:00,2026-04-17T23:00:00,2027-07-28T23:00:00,active,,2026-04-28T16:34:13.382399|2026-05-01T19:38:27.485335
M0097,P0097,A0097,MER0046|MER0173,10419926,2026-04-12T13:00:00,2026-04-12T13:00:00,2027-08-04T13:00:00,active,,
M0098,P0098,A0098,MER0175|MER0058|MER0126|MER0016,13367356,2026-04-11T08:00:00,2026-04-11T08:00:00,2026-07-03T08:00:00,active,,
M0099,P0099,A0099,MER0104|MER0181|MER0030,4835540,2026-04-13T10:00:00,2026-04-13T10:00:00,2027-06-02T10:00:00,active,,
M0100,P0100,A0100,MER0071|MER0000|MER0101|MER0009,7465067,2026-04-24T16:00:00,2026-04-24T16:00:00,2027-04-05T16:00:00,active,,
M0101,P0101,A0101,MER0082|MER0021,1439488,2026-04-23T19:00:00,2026-04-23T19:00:00,2026-11-17T19:00:00,active,,2026-05-03T20:40:47.918972|2026-05-18T07:40:06.500614|2026-05-19T19:08:43.790002|2026-07-09T08:06:13.857550
M0102,P0102,A0102,MER0005|MER0063,1769601,2026-04-09T01:00:00,2026-04-09T01:00:00,2027-02-28T01:00:00,active,,
M0103,P0103,A0103,MER0085|MER0152,1277880,2026-04-18T00:00:00,2026-04-18T00:00:00,2027-03-22T00:00:00,active,,
M0104,P0104,A0104,MER0028|MER0127|MER0173|MER0062,2835898,2026-04-19T05:00:00,2026-04-19T05:00:00,2027-06-16T05:00:00,active,,
M0105,P0105,A0105,MER0104|MER0192|MER0058,3322017,2026-04-17T17:00:00,2026-04-17T17:00:00,2026-11-03T17:00:00,active,,
M0106,P0106,A0106,MER0052|MER0157,1673916,2026-04-20T17:00:00,2026-04-20T17:00:00,2026-11-28T17:00:00,active,,2026-05-22T01:09:11.697570|2026-05-22T01:11:26.067221|2026-06-29T19:46:37.142439|2026-07-30T02:40:02.744019
M0107,P0107,A0107,MER0130|MER0083|MER0174|MER0012,14738520,2026-04-20T05:00:00,2026-04-20T05:00:00,2027-07-06T05:00:00,active,,2026-06-07T03:19:38.412060
M0108,P0108,A0108,MER0094|MER0120|MER0188|MER0034,2826605,2026-04-19T02:00:00,2026-04-19T02:00:00,2027-09-19T02:00:00,active,,
M0109,P0109,A0109,MER0027|MER0143,2504530,2026-04-12T21:00:00,2026-04-12T21:00:00,2027-05-29T21:00:00,active,,2026-05-21T01:55:50.656725|2026-07-11T03:58:32.589858|2026-07-22T22:46:50.882291
M0110,P0110,A0110,MER0018|MER0191,10112877,2026-04-12T20:00:00,2026-04-12T20:00:00,2026-06-16T20:00:00,active,,2026-05-13T06:48:37.420469|2026-05-25T19:18:37.054569
M0111,P0111,A0111,MER0168|MER0090|MER0127|MER0140,2844312,2026-04-12T06:00:00,2026-04-12T06:00:00,2026-10-16T06:00:00,active,,
M0112,P0112,A0112,MER0015|MER0080,7381657,2026-04-19T18:00:00,2026-04-19T18:00:00,2027-02-16T18:00:00,active,,
M0113,P0113,A0113,MER0035|MER0110,3398170,2026-04-17T10:00:00,2026-04-17T10:00:00,2026-10-25T10:00:00,active,,
M0114,P0114,A0114,MER0139|MER0156|MER0153|MER0008,4243260,2026-04-18T14:00:00,2026-04-18T14:00:00,2027-03-14T14:00:00,active,,
M0115,P0115,A0115,MER0004|MER0030|MER0194,5590018,2026-04-17T03:00:00,2026-04-17T03:00:00,2027-08-06T03:00:00,active,,
M0116,P0116,A0116,MER0168|MER0140,5017573,2026-04-19T09:00:00,2026-04-19T09:00:00,2027-08-25T09:00:00,active,,
M0117,P0117,A0117,MER0017|MER0176,12794092,2026-04-04T04:00:00,2026-04-04T04:00:00,2027-07-11T04:00:00,revoked,2026-07-10T04:00:00,
M0118,P0118,A0118,MER0168|MER0114,5997283,2026-04-18T21:00:00,2026-04-18T21:00:00,2027-01-05T21:00:00,active,,2026-06-04T00:00:34.639704|2026-06-11T03:52:33.803778|2026-06-19T09:41:32.392924
M0119,P0119,A0119,MER0197|MER0151|MER0047,860165,2026-04-13T23:00:00,2026-04-13T23:00:00,2027-05-11T23:00:00,active,,
M0120,P0120,A0120,MER0153|MER0053|MER0199,3742183,2026-04-09T19:00:00,2026-04-09T19:00:00,2026-11-19T19:00:00,active,,2026-04-28T07:10:20.228762|2026-06-04T21:59:42.920101
M0121,P0121,A0121,MER0090|MER0067|MER0063,10861430,2026-04-20T04:00:00,2026-04-20T04:00:00,2027-04-18T04:00:00,active,,2026-05-08T19:30:31.186767|2026-07-16T23:20:06.332950
M0122,P0122,A0122,MER0024|MER0118,5076520,2026-04-16T08:00:00,2026-04-16T08:00:00,2026-12-13T08:00:00,active,,2026-07-07T02:49:20.034736|2026-07-07T04:38:20.868948|2026-07-08T17:54:44.014085
M0123,P0123,A0123,MER0052|MER0162|MER0197,4896991,2026-04-07T22:00:00,2026-04-07T22:00:00,2027-05-16T22:00:00,active,,
M0124,P0124,A0124,MER0192|MER0030,4831482,2026-04-20T03:00:00,2026-04-20T03:00:00,2027-01-10T03:00:00,active,,
M0125,P0125,A0125,MER0086|MER0148,3808624,2026-04-20T08:00:00,2026-04-20T08:00:00,2026-12-06T08:00:00,active,,2026-05-03T18:06:42.947643|2026-05-11T17:22:55.778400
M0126,P0126,A0126,MER0067|MER0155,6193474,2026-04-13T19:00:00,2026-04-13T19:00:00,2026-11-22T19:00:00,active,,
M0127,P0127,A0127,MER0067|MER0037|MER0176,1305528,2026-04-16T15:00:00,2026-04-16T15:00:00,2027-05-20T15:00:00,active,,2026-06-10T19:42:40.823028|2026-06-28T06:08:26.052366|2026-07-25T17:13:31.605629|2026-07-26T13:38:17.389377
M0128,P0128,A0128,MER0000|MER0176,8168579,2026-04-05T06:00:00,2026-04-05T06:00:00,2027-04-25T06:00:00,active,,2026-05-21T20:51:11.827168
M0129,P0129,A0129,MER0045|MER0175|MER0013|MER0194,8498593,2026-04-19T19:00:00,2026-04-19T19:00:00,2027-09-29T19:00:00,active,,
M0130,P0130,A0130,MER0112|MER0119|MER0003|MER0105,935786,2026-04-20T16:00:00,2026-04-20T16:00:00,2027-10-10T16:00:00,active,,
M0131,P0131,A0131,MER0199|MER0139|MER0119|MER0129,904764,2026-04-09T20:00:00,2026-04-09T20:00:00,2027-07-08T20:00:00,active,,
M0132,P0132,A0132,MER0164|MER0179,5017906,2026-04-12T14:00:00,2026-04-12T14:00:00,2027-07-18T14:00:00,active,,2026-04-16T03:16:16.599624|2026-07-19T15:04:31.401462
M0133,P0133,A0133,MER0095|MER0091|MER0110|MER0135,6840755,2026-04-19T08:00:00,2026-04-19T08:00:00,2027-04-24T08:00:00,active,,2026-04-25T04:51:00.262622
M0134,P0134,A0134,MER0141|MER0110,6811515,2026-04-23T00:00:00,2026-04-23T00:00:00,2027-04-11T00:00:00,active,,
M0135,P0135,A0135,MER0172|MER0190|MER0087|MER0119,844082,2026-04-12T19:00:00,2026-04-12T19:00:00,2027-07-29T19:00:00,active,,
M0136,P0136,A0136,MER0092|MER0041|MER0113|MER0164,7099870,2026-04-21T13:00:00,2026-04-21T13:00:00,2027-04-20T13:00:00,active,,2026-04-28T18:15:53.330784|2026-04-30T17:40:23.492076|2026-07-14T09:15:01.118291|2026-07-20T09:25:20.324783
M0137,P0137,A0137,MER0148|MER0026,3481140,2026-04-15T20:00:00,2026-04-15T20:00:00,2027-08-09T20:00:00,active,,
M0138,P0138,A0138,MER0168|MER0147|MER0148|MER0143,4828105,2026-04-08T10:00:00,2026-04-08T10:00:00,2027-06-10T10:00:00,active,,2026-06-26T21:24:16.388873
M0139,P0139,A0139,MER0009|MER0046|MER0182,5041044,2026-04-14T08:00:00,2026-04-14T08:00:00,2027-05-08T08:00:00,active,,2026-04-19T15:26:40.342543|2026-05-01T17:41:09.540481|2026-05-25T01:55:41.395972
M0140,P0140,A0140,MER0086|MER0168|MER0005,9983574,2026-04-07T10:00:00,2026-04-07T10:00:00,2027-05-07T10:00:00,revoked,2026-07-13T10:00:00,2026-04-29T02:41:58.826164|2026-05-25T08:10:50.102363|2026-06-26T01:15:50.974207
M0141,P0141,A0141,MER0100|MER0014|MER0011|MER0126,8052051,2026-04-19T13:00:00,2026-04-19T13:00:00,2027-06-04T13:00:00,active,,
M0142,P0142,A0142,MER0031|MER0173|MER0149|MER0148,10319909,2026-04-17T10:00:00,2026-04-17T10:00:00,2027-03-29T10:00:00,active,,
M0143,P0143,A0143,MER0124|MER0087|MER0128,2718475,2026-04-14T11:00:00,2026-04-14T11:00:00,2027-09-19T11:00:00,active,,
M0144,P0144,A0144,MER0054|MER0015,890828,2026-04-22T17:00:00,2026-04-22T17:00:00,2027-03-26T17:00:00,active,,2026-05-12T18:12:21.306285
M0145,P0145,A0145,MER0186|MER0021|MER0184|MER0164,12373351,2026-04-10T07:00:00,2026-04-10T07:00:00,2026-10-16T07:00:00,active,,
M0146,P0146,A0146,MER0079|MER0066,2784231,2026-04-11T22:00:00,2026-04-11T22:00:00,2027-07-31T22:00:00,active,,
M0147,P0147,A0147,MER0129|MER0189|MER0020,725815,2026-04-18T02:00:00,2026-04-18T02:00:00,2027-01-15T02:00:00,active,,
M0148,P0148,A0148,MER0070|MER0027|MER0029,2038874,2026-04-07T11:00:00,2026-04-07T11:00:00,2026-12-16T11:00:00,active,,
M0149,P0149,A0149,MER0125|MER0050|MER0013,7529564,2026-04-22T21:00:00,2026-04-22T21:00:00,2026-11-17T21:00:00,active,,2026-05-25T23:20:29.295360|2026-06-03T17:52:01.204710
M0150,P0150,A0150,MER0017|MER0062,1164032,2026-04-11T15:00:00,2026-04-11T15:00:00,2027-06-17T15:00:00,active,,2026-05-12T05:55:08.657171
M0151,P0151,A0151,MER0182|MER0143|MER0026,3292613,2026-04-18T02:00:00,2026-04-18T02:00:00,2027-02-11T02:00:00,active,,2026-05-14T10:53:36.200729
M0152,P0152,A0152,MER0047|MER0110|MER0184|MER0131,5584821,2026-04-17T06:00:00,2026-04-17T06:00:00,2027-06-27T06:00:00,active,,
M0153,P0153,A0153,MER0046|MER0067|MER0177|MER0147,1898457,2026-04-21T05:00:00,2026-04-21T05:00:00,2027-06-12T05:00:00,active,,
M0154,P0154,A0154,MER0001|MER0023,5032749,2026-04-18T18:00:00,2026-04-18T18:00:00,2027-09-28T18:00:00,active,,2026-06-11T07:31:54.689525|2026-06-19T00:30:48.454164
M0155,P0155,A0155,MER0166|MER0174,2788157,2026-04-05T20:00:00,2026-04-05T20:00:00,2027-09-24T20:00:00,active,,2026-05-01T07:00:24.806879|2026-06-04T09:25:10.470167|2026-07-17T17:07:46.399310
M0156,P0156,A0156,MER0101|MER0070|MER0148|MER0071,5888724,2026-04-11T19:00:00,2026-04-11T19:00:00,2027-03-31T19:00:00,active,,
M0157,P0157,A0157,MER0031|MER0000,6807709,2026-04-23T07:00:00,2026-04-23T07:00:00,2026-10-24T07:00:00,active,,2026-06-16T00:41:06.644781|2026-06-26T21:40:36.456329|2026-07-08T00:19:05.692809|2026-07-10T10:44:30.885320
M0158,P0158,A0158,MER0007|MER0137|MER0036|MER0102,5774080,2026-04-16T15:00:00,2026-04-16T15:00:00,2027-01-11T15:00:00,active,,
M0159,P0159,A0159,MER0145|MER0104,1862422,2026-04-10T05:00:00,2026-04-10T05:00:00,2026-10-17T05:00:00,active,,
M0160,P0160,A0160,MER0064|MER0035|MER0198,5500673,2026-04-23T20:00:00,2026-04-23T20:00:00,2027-02-10T20:00:00,active,,2026-04-28T10:32:39.454653|2026-06-12T03:09:16.858333|2026-07-02T19:55:12.686029
M0161,P0161,A0161,MER0001|MER0068,642980,2026-04-24T02:00:00,2026-04-24T02:00:00,2027-03-12T02:00:00,active,,2026-06-18T22:57:57.626382|2026-06-28T02:06:13.840283
M0162,P0162,A0162,MER0184|MER0057|MER0024|MER0189,7055296,2026-04-09T00:00:00,2026-04-09T00:00:00,2027-02-15T00:00:00,active,,
M0163,P0163,A0163,MER0105|MER0064|MER0008|MER0172,3726281,2026-04-22T17:00:00,2026-04-22T17:00:00,2026-06-28T17:00:00,active,,
M0164,P0164,A0164,MER0113|MER0136,1293753,2026-04-16T18:00:00,2026-04-16T18:00:00,2027-07-05T18:00:00,active,,2026-07-19T13:10:55.750791
M0165,P0165,A0165,MER0079|MER0126,11310175,2026-04-21T05:00:00,2026-04-21T05:00:00,2027-05-06T05:00:00,active,,2026-07-30T05:38:06.530664
M0166,P0166,A0166,MER0130|MER0016|MER0075|MER0060,2197388,2026-04-08T22:00:00,2026-04-08T22:00:00,2027-08-21T22:00:00,active,,2026-05-17T16:37:42.519035|2026-06-15T20:56:36.419318|2026-06-19T16:31:03.928196|2026-07-10T05:27:22.352874
M0167,P0167,A0167,MER0028|MER0155,3967314,2026-04-10T22:00:00,2026-04-10T22:00:00,2027-03-26T22:00:00,active,,2026-07-07T00:35:47.734191
M0168,P0168,A0168,MER0039|MER0141|MER0188,5869842,2026-04-06T06:00:00,2026-04-06T06:00:00,2026-10-20T06:00:00,active,,
M0169,P0169,A0169,MER0047|MER0023,4374031,2026-04-17T04:00:00,2026-04-17T04:00:00,2027-08-30T04:00:00,active,,2026-06-15T07:54:29.148507
M0170,P0170,A0170,MER0140|MER0028|MER0143,2727068,2026-04-11T15:00:00,2026-04-11T15:00:00,2026-06-14T15:00:00,active,,2026-05-04T00:30:00.396114|2026-05-21T15:16:35.752961|2026-06-07T01:27:59.433250|2026-06-10T16:37:41.867750
M0171,P0171,A0171,MER0163|MER0097|MER0181,5046054,2026-04-09T07:00:00,2026-04-09T07:00:00,2027-08-06T07:00:00,active,,
M0172,P0172,A0172,MER0038|MER0195|MER0161|MER0076,12252205,2026-04-15T03:00:00,2026-04-15T03:00:00,2027-08-25T03:00:00,active,,2026-04-22T12:53:22.449117
M0173,P0173,A0173,MER0147|MER0173|MER0114|MER0090,2713756,2026-04-22T11:00:00,2026-04-22T11:00:00,2027-01-02T11:00:00,active,,
M0174,P0174,A0174,MER0000|MER0176|MER0196,10860402,2026-04-07T04:00:00,2026-04-07T04:00:00,2027-07-17T04:00:00,active,,2026-06-20T04:33:28.484181|2026-07-28T11:44:00.500992
M0175,P0175,A0175,MER0098|MER0059,853096,2026-04-19T21:00:00,2026-04-19T21:00:00,2027-06-12T21:00:00,active,,2026-05-07T10:15:41.066140|2026-06-02T13:57:57.837301|2026-06-22T17:13:13.728237
M0176,P0176,A0176,MER0168|MER0065,4199691,2026-04-04T17:00:00,2026-04-04T17:00:00,2027-01-26T17:00:00,active,,2026-05-14T11:53:39.939856|2026-06-30T15:43:04.751420|2026-07-01T07:08:54.730756|2026-07-26T03:52:03.889219
M0177,P0177,A0177,MER0058|MER0002|MER0103,732301,2026-04-03T05:00:00,2026-04-03T05:00:00,2027-07-11T05:00:00,active,,2026-06-17T16:56:22.283449|2026-07-20T21:47:28.401045
M0178,P0178,A0178,MER0005|MER0062,4091062,2026-04-09T19:00:00,2026-04-09T19:00:00,2027-02-17T19:00:00,active,,2026-04-13T04:46:14.057113|2026-04-30T18:55:09.717576
M0179,P0179,A0179,MER0005|MER0031,1775331,2026-04-16T18:00:00,2026-04-16T18:00:00,2026-12-08T18:00:00,active,,2026-05-12T23:10:40.191029|2026-06-26T03:29:23.864417|2026-07-11T17:54:33.052087|2026-07-25T13:43:39.447466
M0180,P0180,A0180,MER0024|MER0044|MER0051,7571216,2026-04-07T13:00:00,2026-04-07T13:00:00,2027-04-15T13:00:00,active,,2026-04-13T19:23:24.166669|2026-05-06T10:05:16.123650|2026-06-17T18:27:09.465337|2026-07-28T22:01:17.379276
M0181,P0181,A0181,MER0083|MER0045|MER0093|MER0075,890631,2026-04-05T17:00:00,2026-04-05T17:00:00,2026-12-05T17:00:00,active,,
M0182,P0182,A0182,MER0027|MER0155,947732,2026-04-22T05:00:00,2026-04-22T05:00:00,2027-05-05T05:00:00,active,,
M0183,P0183,A0183,MER0157|MER0164|MER0151,1721127,2026-04-08T21:00:00,2026-04-08T21:00:00,2027-07-01T21:00:00,active,,
M0184,P0184,A0184,MER0071|MER0196|MER0140,1196952,2026-04-24T14:00:00,2026-04-24T14:00:00,2027-02-04T14:00:00,active,,2026-05-25T06:21:56.723588|2026-06-02T23:39:18.514154
M0185,P0185,A0185,MER0046|MER0127|MER0070|MER0182,5374458,2026-04-05T09:00:00,2026-04-05T09:00:00,2027-03-02T09:00:00,active,,2026-05-30T08:15:52.780352
M0186,P0186,A0186,MER0135|MER0141|MER0151,1471565,2026-04-17T03:00:00,2026-04-17T03:00:00,2027-06-25T03:00:00,active,,2026-05-15T17:59:58.905090|2026-06-03T01:27:16.137402
M0187,P0187,A0187,MER0018|MER0083|MER0160,6588840,2026-04-20T11:00:00,2026-04-20T11:00:00,2027-03-07T11:00:00,active,,2026-05-27T20:12:51.204743
M0188,P0188,A0188,MER0117|MER0068,3126283,2026-04-13T17:00:00,2026-04-13T17:00:00,2027-09-24T17:00:00,active,,2026-07-04T23:10:39.577684|2026-07-31T12:51:57.648916
M0189,P0189,A0189,MER0095|MER0003|MER0110|MER0108,10643681,2026-04-15T02:00:00,2026-04-15T02:00:00,2027-08-04T02:00:00,active,,2026-05-10T04:57:34.867207|2026-07-16T19:44:44.920923
M0190,P0190,A0190,MER0080|MER0153|MER0087|MER0164,2693894,2026-04-22T12:00:00,2026-04-22T12:00:00,2027-06-12T12:00:00,active,,2026-06-04T22:48:43.583521|2026-07-25T18:01:30.546503
M0191,P0191,A0191,MER0148|MER0182,933014,2026-04-04T00:00:00,2026-04-04T00:00:00,2026-12-05T00:00:00,active,,
M0192,P0192,A0192,MER0114|MER0101|MER0065|MER0143,13799237,2026-04-17T20:00:00,2026-04-17T20:00:00,2027-10-02T20:00:00,active,,2026-06-16T20:40:23.732693
M0193,P0193,A0193,MER0045|MER0097,10046126,2026-04-22T17:00:00,2026-04-22T17:00:00,2027-08-26T17:00:00,active,,2026-05-12T08:29:33.717358|2026-05-13T22:11:24.625217|2026-06-01T09:09:05.343072|2026-06-15T14:56:58.631552
M0194,P0194,A0194,MER0174|MER0138|MER0195,664855,2026-04-12T06:00:00,2026-04-12T06:00:00,2027-09-19T06:00:00,active,,2026-04-16T04:12:34.306279|2026-05-04T22:34:50.485537|2026-05-25T07:29:56.411807|2026-07-21T14:04:45.593655
M0195,P0195,A0195,MER0083|MER0165,1915860,2026-04-06T06:00:00,2026-04-06T06:00:00,2026-06-05T06:00:00,active,,
M0196,P0196,A0196,MER0046|MER0029|MER0031,4766911,2026-04-21T03:00:00,2026-04-21T03:00:00,2026-11-22T03:00:00,active,,
M0197,P0197,A0197,MER0066|MER0088,9498749,2026-04-17T22:00:00,2026-04-17T22:00:00,2027-01-03T22:00:00,active,,
M0198,P0198,A0198,MER0158|MER0144,3720577,2026-04-11T13:00:00,2026-04-11T13:00:00,2026-12-20T13:00:00,active,,
M0199,P0199,A0199,MER0167|MER0117,3376288,2026-04-22T08:00:00,2026-04-22T08:00:00,2026-06-06T08:00:00,active,,2026-05-08T14:12:05.843620|2026-05-10T12:59:29.142348|2026-05-28T04:43:05.538611|2026-05-30T09:49:38.224026
M0200,P0200,A0200,MER0075|MER0055|MER0193,5850224,2026-04-17T06:00:00,2026-04-17T06:00:00,2027-09-16T06:00:00,active,,
M0201,P0201,A0201,MER0009|MER0067|MER0046|MER0071,1416859,2026-04-24T11:00:00,2026-04-24T11:00:00,2026-11-24T11:00:00,active,,
M0202,P0202,A0202,MER0125|MER0170|MER0036,5382845,2026-04-14T05:00:00,2026-04-14T05:00:00,2027-06-26T05:00:00,active,,2026-04-18T01:36:41.451694|2026-04-19T23:37:23.175249|2026-05-02T20:18:24.564386|2026-05-07T09:31:53.548303
M0203,P0203,A0203,MER0151|MER0123|MER0118|MER0129,1893993,2026-04-10T02:00:00,2026-04-10T02:00:00,2027-02-12T02:00:00,active,,
M0204,P0204,A0204,MER0149|MER0168|MER0026|MER0027,5444193,2026-04-21T19:00:00,2026-04-21T19:00:00,2027-05-30T19:00:00,active,,
M0205,P0205,A0205,MER0006|MER0191,11184136,2026-04-06T12:00:00,2026-04-06T12:00:00,2027-07-03T12:00:00,active,,2026-06-24T09:34:38.896581
M0206,P0206,A0206,MER0102|MER0055|MER0069,1136268,2026-04-05T20:00:00,2026-04-05T20:00:00,2027-05-16T20:00:00,active,,
M0207,P0207,A0207,MER0041|MER0124|MER0111|MER0139,1857202,2026-04-05T15:00:00,2026-04-05T15:00:00,2027-04-13T15:00:00,active,,
M0208,P0208,A0208,MER0062|MER0027,1883069,2026-04-04T03:00:00,2026-04-04T03:00:00,2026-10-08T03:00:00,active,,2026-04-30T22:21:16.301805
M0209,P0209,A0209,MER0050|MER0011|MER0126|MER0161,2210582,2026-04-06T21:00:00,2026-04-06T21:00:00,2027-08-19T21:00:00,active,,2026-04-21T18:25:08.160463|2026-05-02T11:01:57.947788|2026-05-18T21:09:02.374326|2026-07-24T20:25:41.193356
M0210,P0210,A0210,MER0116|MER0089,971157,2026-04-04T01:00:00,2026-04-04T01:00:00,2027-01-21T01:00:00,revoked,2026-07-05T01:00:00,2026-04-09T00:57:45.543519|2026-05-12T10:50:07.762524|2026-06-24T14:50:41.101384
M0211,P0211,A0211,MER0041|MER0172|MER0184,14976556,2026-04-08T17:00:00,2026-04-08T17:00:00,2027-08-08T17:00:00,active,,
M0212,P0212,A0212,MER0031|MER0101|MER0056|MER0096,1448122,2026-04-18T05:00:00,2026-04-18T05:00:00,2027-08-22T05:00:00,active,,2026-06-10T01:27:15.659021|2026-06-30T18:50:35.558812
M0213,P0213,A0213,MER0006|MER0192,2114703,2026-04-06T20:00:00,2026-04-06T20:00:00,2027-05-10T20:00:00,active,,
M0214,P0214,A0214,MER0104|MER0159,939587,2026-04-12T13:00:00,2026-04-12T13:00:00,2027-01-21T13:00:00,active,,2026-05-13T20:34:43.592499|2026-05-19T08:51:09.548944|2026-06-22T16:39:46.869551|2026-07-03T02:53:33.877749
M0215,P0215,A0215,MER0126|MER0081|MER0007|MER0073,986391,2026-04-13T22:00:00,2026-04-13T22:00:00,2027-07-13T22:00:00,revoked,2026-07-20T22:00:00,
M0216,P0216,A0216,MER0072|MER0191|MER0106|MER0163,3347962,2026-04-13T12:00:00,2026-04-13T12:00:00,2026-10-13T12:00:00,revoked,2026-06-23T12:00:00,2026-04-18T03:32:22.301534|2026-06-22T22:34:52.016542
M0217,P0217,A0217,MER0022|MER0055,7123764,2026-04-22T12:00:00,2026-04-22T12:00:00,2027-01-31T12:00:00,active,,2026-05-10T23:12:38.734690|2026-05-17T17:56:30.122709|2026-05-24T08:02:09.658575|2026-07-03T22:41:48.722806
M0218,P0218,A0218,MER0081|MER0175|MER0138,7897880,2026-04-23T13:00:00,2026-04-23T13:00:00,2027-06-23T13:00:00,active,,
M0219,P0219,A0219,MER0046|MER0155|MER0148,9273047,2026-04-17T09:00:00,2026-04-17T09:00:00,2027-05-23T09:00:00,active,,
M0220,P0220,A0220,MER0133|MER0147,1636268,2026-04-05T20:00:00,2026-04-05T20:00:00,2026-12-19T20:00:00,active,,2026-05-20T08:24:32.139564|2026-05-29T10:49:51.768242|2026-05-30T14:48:18.134659|2026-06-16T03:10:28.534556
M0221,P0221,A0221,MER0040|MER0146|MER0060,2652376,2026-04-07T13:00:00,2026-04-07T13:00:00,2027-06-17T13:00:00,active,,2026-05-21T01:55:27.984382|2026-07-23T01:41:26.775586|2026-07-24T17:37:10.990856|2026-07-28T04:16:04.274704
M0222,P0222,A0222,MER0196|MER0026|MER0143,5850683,2026-04-04T08:00:00,2026-04-04T08:00:00,2027-07-17T08:00:00,active,,
M0223,P0223,A0223,MER0114|MER0173|MER0168|MER0127,1060327,2026-04-05T18:00:00,2026-04-05T18:00:00,2027-05-07T18:00:00,active,,2026-07-22T15:22:06.366298
M0224,P0224,A0224,MER0005|MER0037|MER0070|MER0149,2126947,2026-04-07T17:00:00,2026-04-07T17:00:00,2027-07-27T17:00:00,active,,
M0225,P0225,A0225,MER0022|MER0107,1629740,2026-04-16T22:00:00,2026-04-16T22:00:00,2026-11-23T22:00:00,active,,2026-05-05T07:52:31.766046|2026-06-01T17:42:58.002975|2026-06-09T11:37:47.968401|2026-06-29T13:25:43.440099
M0226,P0226,A0226,MER0123|MER0189|MER0111|MER0131,6567524,2026-04-05T07:00:00,2026-04-05T07:00:00,2027-03-27T07:00:00,active,,2026-05-22T10:56:56.729863|2026-07-23T04:10:01.037208
M0227,P0227,A0227,MER0046|MER0168,2756609,2026-04-03T07:00:00,2026-04-03T07:00:00,2027-09-21T07:00:00,active,,2026-04-24T10:14:10.368071|2026-05-18T12:00:45.838305|2026-06-29T18:58:32.203479
M0228,P0228,A0228,MER0068|MER0156,4151403,2026-04-09T09:00:00,2026-04-09T09:00:00,2027-05-24T09:00:00,active,,2026-04-16T23:32:37.646078|2026-04-30T20:10:35.850881
M0229,P0229,A0229,MER0125|MER0137|MER0194,1833891,2026-04-22T07:00:00,2026-04-22T07:00:00,2027-01-12T07:00:00,active,,2026-05-20T16:35:13.178391
M0230,P0230,A0230,MER0196|MER0067,5199290,2026-04-19T08:00:00,2026-04-19T08:00:00,2026-06-15T08:00:00,active,,
M0231,P0231,A0231,MER0178|MER0011|MER0025|MER0069,3242088,2026-04-19T01:00:00,2026-04-19T01:00:00,2027-07-09T01:00:00,active,,
M0232,P0232,A0232,MER0101|MER0147|MER0127,2759707,2026-04-13T21:00:00,2026-04-13T21:00:00,2027-04-12T21:00:00,active,,2026-07-29T04:59:26.582541
M0233,P0233,A0233,MER0000|MER0149,10193918,2026-04-16T23:00:00,2026-04-16T23:00:00,2026-06-02T23:00:00,active,,
M0234,P0234,A0234,MER0067|MER0127|MER0148|MER0155,1683323,2026-04-20T03:00:00,2026-04-20T03:00:00,2026-10-18T03:00:00,active,,
M0235,P0235,A0235,MER0127|MER0009,4691471,2026-04-14T20:00:00,2026-04-14T20:00:00,2027-08-17T20:00:00,active,,
M0236,P0236,A0236,MER0130|MER0146|MER0025,2526715,2026-04-15T19:00:00,2026-04-15T19:00:00,2026-12-24T19:00:00,active,,
M0237,P0237,A0237,MER0019|MER0047|MER0157|MER0035,1926447,2026-04-13T20:00:00,2026-04-13T20:00:00,2027-06-06T20:00:00,active,,2026-06-05T21:46:51.129862
M0238,P0238,A0238,MER0092|MER0082,6749273,2026-04-09T19:00:00,2026-04-09T19:00:00,2026-11-29T19:00:00,active,,
M0239,P0239,A0239,MER0107|MER0079|MER0072,3401842,2026-04-12T19:00:00,2026-04-12T19:00:00,2027-09-17T19:00:00,active,,2026-04-23T15:35:44.266493|2026-06-28T04:42:30.161682|2026-07-17T19:59:47.860576|2026-07-24T08:32:10.905606
M0240,P0240,A0240,MER0118|MER0123,13168827,2026-04-16T18:00:00,2026-04-16T18:00:00,2027-07-27T18:00:00,active,,2026-04-29T21:32:19.364932|2026-05-11T05:20:53.181399
M0241,P0241,A0241,MER0022|MER0098,6876779,2026-04-21T13:00:00,2026-04-21T13:00:00,2026-12-16T13:00:00,active,,2026-04-22T17:01:42.166251|2026-06-19T05:36:01.512224|2026-07-26T22:45:52.866996
M0242,P0242,A0242,MER0166|MER0059|MER0107|MER0130,14055293,2026-04-14T00:00:00,2026-04-14T00:00:00,2026-12-14T00:00:00,active,,
M0243,P0243,A0243,MER0115|MER0004,1434247,2026-04-21T06:00:00,2026-04-21T06:00:00,2027-03-18T06:00:00,active,,2026-05-06T23:49:15.093192|2026-05-20T14:08:34.010760|2026-07-05T22:56:37.806846|2026-07-16T03:54:21.340511
M0244,P0244,A0244,MER0190|MER0112,1922128,2026-04-13T09:00:00,2026-04-13T09:00:00,2026-12-12T09:00:00,active,,
M0245,P0245,A0245,MER0082|MER0157|MER0109,4203248,2026-04-15T04:00:00,2026-04-15T04:00:00,2027-03-31T04:00:00,active,,
M0246,P0246,A0246,MER0021|MER0057,1063672,2026-04-19T23:00:00,2026-04-19T23:00:00,2027-09-18T23:00:00,active,,2026-06-15T20:21:51.273202
M0247,P0247,A0247,MER0155|MER0114|MER0140,6258560,2026-04-15T05:00:00,2026-04-15T05:00:00,2027-03-05T05:00:00,active,,
M0248,P0248,A0248,MER0128|MER0039|MER0047|MER0113,10252540,2026-04-21T04:00:00,2026-04-21T04:00:00,2027-03-22T04:00:00,active,,2026-06-05T08:31:15.518300|2026-06-09T09:51:36.444080
M0249,P0249,A0249,MER0069|MER0060,1467741,2026-04-23T01:00:00,2026-04-23T01:00:00,2027-08-10T01:00:00,active,,
M0250,P0250,A0250,MER0130|MER0050|MER0013,7531410,2026-04-06T23:00:00,2026-04-06T23:00:00,2027-01-02T23:00:00,active,,2026-06-15T04:45:46.789670|2026-06-19T01:26:39.222982|2026-07-28T11:26:47.207592
M0251,P0251,A0251,MER0009|MER0029,1559182,2026-04-11T02:00:00,2026-04-11T02:00:00,2027-09-25T02:00:00,active,,2026-04-21T22:34:24.356944|2026-06-24T20:44:33.927922|2026-07-06T10:14:36.588884|2026-07-30T02:40:22.276452
M0252,P0252,A0252,MER0133|MER0071|MER0148|MER0127,5085804,2026-04-03T08:00:00,2026-04-03T08:00:00,2026-12-01T08:00:00,active,,
M0253,P0253,A0253,MER0008|MER0189,6120681,2026-04-22T13:00:00,2026-04-22T13:00:00,2027-10-09T13:00:00,active,,
M0254,P0254,A0254,MER0150|MER0134|MER0085,2803597,2026-04-21T09:00:00,2026-04-21T09:00:00,2026-11-19T09:00:00,active,,
M0255,P0255,A0255,MER0129|MER0008,2760391,2026-04-16T12:00:00,2026-04-16T12:00:00,2027-07-11T12:00:00,active,,2026-07-05T14:50:26.533669
M0256,P0256,A0256,MER0036|MER0058|MER0187|MER0002,2741556,2026-04-21T05:00:00,2026-04-21T05:00:00,2026-07-06T05:00:00,active,,2026-04-28T19:04:39.619981|2026-05-11T11:10:07.938676
M0257,P0257,A0257,MER0036|MER0160,952362,2026-04-13T00:00:00,2026-04-13T00:00:00,2027-01-05T00:00:00,active,,
M0258,P0258,A0258,MER0085|MER0011,841274,2026-04-19T19:00:00,2026-04-19T19:00:00,2027-05-31T19:00:00,active,,2026-05-26T16:58:57.805686|2026-06-13T02:29:13.215558|2026-07-30T08:46:32.842845
M0259,P0259,A0259,MER0080|MER0039|MER0020|MER0091,5157215,2026-04-04T13:00:00,2026-04-04T13:00:00,2027-01-19T13:00:00,active,,
M0260,P0260,A0260,MER0102|MER0079|MER0038|MER0193,801736,2026-04-16T05:00:00,2026-04-16T05:00:00,2027-02-23T05:00:00,active,,
M0261,P0261,A0261,MER0027|MER0070|MER0147,4156882,2026-04-08T11:00:00,2026-04-08T11:00:00,2027-08-23T11:00:00,active,,
M0262,P0262,A0262,MER0064|MER0122|MER0184|MER0162,4636755,2026-04-22T11:00:00,2026-04-22T11:00:00,2027-01-05T11:00:00,active,,
M0263,P0263,A0263,MER0067|MER0026,2442593,2026-04-11T08:00:00,2026-04-11T08:00:00,2027-09-23T08:00:00,active,,2026-05-22T05:50:36.382495
M0264,P0264,A0264,MER0037|MER0065|MER0071,739271,2026-04-03T07:00:00,2026-04-03T07:00:00,2027-01-21T07:00:00,active,,2026-04-25T00:40:16.486725
M0265,P0265,A0265,MER0189|MER0156|MER0039,1712424,2026-04-19T23:00:00,2026-04-19T23:00:00,2027-03-09T23:00:00,active,,
M0266,P0266,A0266,MER0089|MER0107,2747748,2026-04-08T23:00:00,2026-04-08T23:00:00,2027-09-17T23:00:00,active,,2026-04-11T00:45:25.687575|2026-04-24T08:58:32.933526|2026-06-02T20:14:57.796896|2026-06-06T23:47:21.898466
M0267,P0267,A0267,MER0038|MER0042|MER0106|MER0174,4103714,2026-04-11T04:00:00,2026-04-11T04:00:00,2027-08-31T04:00:00,active,,
M0268,P0268,A0268,MER0191|MER0126|MER0142|MER0058,7030358,2026-04-17T23:00:00,2026-04-17T23:00:00,2027-06-28T23:00:00,active,,
M0269,P0269,A0269,MER0087|MER0111|MER0035|MER0131,3653253,2026-04-13T06:00:00,2026-04-13T06:00:00,2026-11-18T06:00:00,active,,
M0270,P0270,A0270,MER0013|MER0018|MER0081|MER0170,4173124,2026-04-18T01:00:00,2026-04-18T01:00:00,2027-05-20T01:00:00,active,,
M0271,P0271,A0271,MER0159|MER0161|MER0166,607878,2026-04-07T02:00:00,2026-04-07T02:00:00,2027-01-09T02:00:00,active,,
M0272,P0272,A0272,MER0172|MER0119|MER0092,2528960,2026-04-20T20:00:00,2026-04-20T20:00:00,2027-08-23T20:00:00,active,,2026-05-09T11:44:58.591253|2026-05-28T21:43:53.297612
M0273,P0273,A0273,MER0102|MER0012|MER0130|MER0159,8311094,2026-04-15T11:00:00,2026-04-15T11:00:00,2026-12-08T11:00:00,active,,
M0274,P0274,A0274,MER0109|MER0110,4292423,2026-04-18T19:00:00,2026-04-18T19:00:00,2026-10-16T19:00:00,active,,
M0275,P0275,A0275,MER0161|MER0010|MER0145,4917168,2026-04-23T08:00:00,2026-04-23T08:00:00,2026-10-23T08:00:00,active,,2026-05-04T20:02:59.487744|2026-05-28T14:32:43.570916|2026-07-04T03:09:49.699902
M0276,P0276,A0276,MER0000|MER0028|MER0147,1267005,2026-04-18T13:00:00,2026-04-18T13:00:00,2027-07-05T13:00:00,active,,2026-04-20T06:04:57.493692|2026-05-15T07:19:59.192876|2026-06-07T00:34:01.692602|2026-07-07T19:04:28.146207
M0277,P0277,A0277,MER0127|MER0147|MER0056,2818286,2026-04-20T18:00:00,2026-04-20T18:00:00,2027-05-29T18:00:00,active,,2026-05-27T11:27:37.337888|2026-06-04T13:55:09.893938
M0278,P0278,A0278,MER0062|MER0029|MER0086|MER0009,8505725,2026-04-08T02:00:00,2026-04-08T02:00:00,2027-03-23T02:00:00,active,,2026-07-25T05:59:42.997044|2026-07-26T12:42:11.845347
M0279,P0279,A0279,MER0143|MER0168,1784306,2026-04-21T08:00:00,2026-04-21T08:00:00,2026-12-22T08:00:00,active,,
M0280,P0280,A0280,MER0133|MER0031|MER0029|MER0028,2892653,2026-04-03T09:00:00,2026-04-03T09:00:00,2026-06-25T09:00:00,active,,2026-04-05T00:48:03.083048|2026-05-09T14:34:50.954920|2026-05-23T08:04:00.720193
M0281,P0281,A0281,MER0086|MER0168|MER0027,13029146,2026-04-16T16:00:00,2026-04-16T16:00:00,2027-07-01T16:00:00,active,,2026-07-17T09:42:01.260598
M0282,P0282,A0282,MER0135|MER0068,885966,2026-04-19T22:00:00,2026-04-19T22:00:00,2026-12-07T22:00:00,active,,2026-05-10T03:51:42.128303|2026-07-17T02:43:35.240673
M0283,P0283,A0283,MER0052|MER0087|MER0044|MER0047,3080479,2026-04-15T03:00:00,2026-04-15T03:00:00,2027-01-18T03:00:00,active,,2026-04-21T12:37:49.618954|2026-04-25T18:20:23.045868
M0284,P0284,A0284,MER0090|MER0065|MER0101|MER0147,8867543,2026-04-18T04:00:00,2026-04-18T04:00:00,2027-09-09T04:00:00,revoked,2026-06-04T04:00:00,2026-04-30T12:39:12.150136|2026-05-21T21:35:25.805932|2026-06-01T13:04:14.220723
M0285,P0285,A0285,MER0011|MER0002,2679597,2026-04-05T19:00:00,2026-04-05T19:00:00,2027-01-18T19:00:00,active,,2026-05-26T18:38:47.593587
M0286,P0286,A0286,MER0127|MER0101|MER0090,13321948,2026-04-06T07:00:00,2026-04-06T07:00:00,2027-09-17T07:00:00,active,,
M0287,P0287,A0287,MER0127|MER0196|MER0176,7760953,2026-04-23T00:00:00,2026-04-23T00:00:00,2027-03-10T00:00:00,active,,2026-05-06T22:01:59.962330
M0288,P0288,A0288,MER0044|MER0020|MER0189|MER0064,2347362,2026-04-10T22:00:00,2026-04-10T22:00:00,2026-11-26T22:00:00,active,,2026-05-15T09:07:59.428884|2026-06-03T13:15:53.487229|2026-07-05T09:16:19.444299
M0289,P0289,A0289,MER0052|MER0020|MER0047|MER0064,1228920,2026-04-17T12:00:00,2026-04-17T12:00:00,2027-07-27T12:00:00,active,,
M0290,P0290,A0290,MER0029|MER0147|MER0026|MER0155,1342460,2026-04-17T10:00:00,2026-04-17T10:00:00,2027-06-28T10:00:00,active,,2026-04-23T03:25:52.620981|2026-05-01T19:49:11.475843|2026-06-29T20:58:43.479765
M0291,P0291,A0291,MER0064|MER0128,4887408,2026-04-19T20:00:00,2026-04-19T20:00:00,2027-07-05T20:00:00,active,,2026-05-11T22:33:05.082362|2026-05-30T15:19:27.888449|2026-06-17T04:59:47.575683|2026-06-21T18:28:14.133227
M0292,P0292,A0292,MER0175|MER0069,6826377,2026-04-22T21:00:00,2026-04-22T21:00:00,2027-07-08T21:00:00,active,,
M0293,P0293,A0293,MER0110|MER0084|MER0109,1984366,2026-04-12T12:00:00,2026-04-12T12:00:00,2027-01-31T12:00:00,revoked,2026-06-06T12:00:00,2026-04-28T11:58:20.745867|2026-06-03T08:53:29.820802
M0294,P0294,A0294,MER0012|MER0075|MER0066,9514370,2026-04-20T08:00:00,2026-04-20T08:00:00,2027-04-12T08:00:00,active,,
M0295,P0295,A0295,MER0182|MER0070,7315170,2026-04-08T03:00:00,2026-04-08T03:00:00,2027-03-04T03:00:00,active,,2026-07-11T05:30:10.813918
M0296,P0296,A0296,MER0079|MER0055|MER0076|MER0006,15089080,2026-04-21T19:00:00,2026-04-21T19:00:00,2027-08-12T19:00:00,active,,
M0297,P0297,A0297,MER0070|MER0182|MER0063|MER0148,3072434,2026-04-10T21:00:00,2026-04-10T21:00:00,2027-07-31T21:00:00,active,,
M0298,P0298,A0298,MER0148|MER0065,4033696,2026-04-17T00:00:00,2026-04-17T00:00:00,2027-06-16T00:00:00,active,,2026-05-06T11:47:54.929271|2026-07-12T15:18:24.943866
M0299,P0299,A0299,MER0061|MER0108|MER0008,7277859,2026-04-12T11:00:00,2026-04-12T11:00:00,2027-04-28T11:00:00,active,,2026-04-21T07:28:45.739381|2026-05-10T04:35:02.512148
M0300,P0300,A0300,MER0039|MER0167|MER0049,7196591,2026-04-04T15:00:00,2026-04-04T15:00:00,2026-07-05T15:00:00,active,,2026-04-17T15:40:44.531564
M0301,P0301,A0301,MER0042|MER0194|MER0187,1898460,2026-04-03T01:00:00,2026-04-03T01:00:00,2026-11-23T01:00:00,active,,
M0302,P0302,A0302,MER0068|MER0049,925636,2026-04-19T13:00:00,2026-04-19T13:00:00,2027-01-07T13:00:00,active,,2026-04-26T05:46:59.664356|2026-06-30T03:07:00.669045
M0303,P0303,A0303,MER0044|MER0008|MER0020|MER0041,7208146,2026-04-20T19:00:00,2026-04-20T19:00:00,2027-05-17T19:00:00,active,,
M0304,P0304,A0304,MER0130|MER0107,3686094,2026-04-07T23:00:00,2026-04-07T23:00:00,2027-01-27T23:00:00,active,,
M0305,P0305,A0305,MER0043|MER0156|MER0054|MER0084,1045845,2026-04-06T19:00:00,2026-04-06T19:00:00,2027-08-14T19:00:00,active,,2026-07-19T18:49:07.374120
M0306,P0306,A0306,MER0057|MER0135,2518312,2026-04-19T22:00:00,2026-04-19T22:00:00,2027-09-28T22:00:00,active,,
M0307,P0307,A0307,MER0199|MER0108|MER0119,4100210,2026-04-06T18:00:00,2026-04-06T18:00:00,2027-09-06T18:00:00,active,,2026-07-07T11:14:34.471754
M0308,P0308,A0308,MER0042|MER0089|MER0107|MER0138,5075926,2026-04-18T05:00:00,2026-04-18T05:00:00,2027-05-21T05:00:00,active,,2026-05-22T11:35:16.924964
M0309,P0309,A0309,MER0107|MER0102,1080220,2026-04-14T08:00:00,2026-04-14T08:00:00,2027-10-01T08:00:00,active,,
M0310,P0310,A0310,MER0049|MER0092|MER0124,4808806,2026-04-17T12:00:00,2026-04-17T12:00:00,2027-07-14T12:00:00,active,,2026-05-28T12:01:46.648512|2026-06-17T22:05:09.555042
M0311,P0311,A0311,MER0185|MER0065|MER0027|MER0067,10665857,2026-04-14T01:00:00,2026-04-14T01:00:00,2026-10-19T01:00:00,active,,2026-04-21T09:59:41.054066|2026-07-22T13:52:54.230724
M0312,P0312,A0312,MER0031|MER0086|MER0149,15049479,2026-04-08T12:00:00,2026-04-08T12:00:00,2027-05-08T12:00:00,active,,
M0313,P0313,A0313,MER0040|MER0036|MER0042|MER0106,951869,2026-04-04T21:00:00,2026-04-04T21:00:00,2027-04-09T21:00:00,revoked,2026-05-20T21:00:00,
M0314,P0314,A0314,MER0187|MER0048|MER0007,934216,2026-04-08T00:00:00,2026-04-08T00:00:00,2027-02-07T00:00:00,active,,
M0315,P0315,A0315,MER0056|MER0155,793634,2026-04-09T00:00:00,2026-04-09T00:00:00,2027-03-08T00:00:00,active,,
M0316,P0316,A0316,MER0000|MER0086|MER0029|MER0037,9689586,2026-04-05T18:00:00,2026-04-05T18:00:00,2026-12-29T18:00:00,active,,2026-06-10T00:46:12.305396|2026-06-24T14:51:05.280387|2026-07-11T23:22:43.515287|2026-07-17T08:43:07.011215
M0317,P0317,A0317,MER0111|MER0087|MER0135|MER0053,12480938,2026-04-11T06:00:00,2026-04-11T06:00:00,2026-12-11T06:00:00,active,,2026-05-06T07:54:46.548784
M0318,P0318,A0318,MER0171|MER0191|MER0016|MER0145,1198483,2026-04-18T21:00:00,2026-04-18T21:00:00,2027-05-10T21:00:00,active,,2026-05-01T00:58:01.129702|2026-05-09T22:22:26.460429|2026-06-25T11:30:42.723960
M0319,P0319,A0319,MER0191|MER0097|MER0007,1323444,2026-04-10T19:00:00,2026-04-10T19:00:00,2026-11-30T19:00:00,revoked,2026-06-27T19:00:00,2026-04-26T05:57:02.015571|2026-04-27T07:47:22.199450|2026-06-22T08:09:54.457872
M0320,P0320,A0320,MER0018|MER0174|MER0011,1902778,2026-04-22T07:00:00,2026-04-22T07:00:00,2027-03-29T07:00:00,active,,2026-06-11T19:30:48.289178|2026-07-06T16:59:25.172669|2026-07-27T04:57:50.106249
M0321,P0321,A0321,MER0114|MER0031|MER0028,1854254,2026-04-14T03:00:00,2026-04-14T03:00:00,2027-06-25T03:00:00,active,,
M0322,P0322,A0322,MER0181|MER0106,917108,2026-04-19T14:00:00,2026-04-19T14:00:00,2026-11-04T14:00:00,active,,2026-04-28T14:47:13.200833|2026-05-14T04:53:00.792752|2026-06-23T10:19:56.142600|2026-07-26T18:29:57.067991
M0323,P0323,A0323,MER0042|MER0048|MER0160|MER0163,8922232,2026-04-23T18:00:00,2026-04-23T18:00:00,2027-04-12T18:00:00,active,,2026-05-30T01:27:50.646994|2026-06-05T23:28:48.721425|2026-07-17T15:12:01.456805
M0324,P0324,A0324,MER0124|MER0091|MER0080|MER0198,2916575,2026-04-22T05:00:00,2026-04-22T05:00:00,2027-08-05T05:00:00,active,,2026-05-07T07:52:15.997924
M0325,P0325,A0325,MER0027|MER0168|MER0028|MER0149,1343868,2026-04-13T11:00:00,2026-04-13T11:00:00,2026-12-31T11:00:00,revoked,2026-06-28T11:00:00,2026-04-19T19:02:27.804161
M0326,P0326,A0326,MER0095|MER0153|MER0094,14777641,2026-04-18T18:00:00,2026-04-18T18:00:00,2026-12-17T18:00:00,active,,2026-05-31T01:07:18.255871|2026-07-17T00:30:22.934922|2026-07-17T05:27:21.770604
M0327,P0327,A0327,MER0139|MER0121,4157057,2026-04-20T16:00:00,2026-04-20T16:00:00,2027-04-26T16:00:00,active,,2026-05-18T05:05:37.308996|2026-06-23T08:22:03.599588|2026-06-29T14:30:53.069314|2026-07-19T02:18:01.335214
M0328,P0328,A0328,MER0092|MER0183,10265781,2026-04-03T10:00:00,2026-04-03T10:00:00,2027-02-25T10:00:00,active,,
M0329,P0329,A0329,MER0107|MER0145,4739412,2026-04-05T23:00:00,2026-04-05T23:00:00,2027-08-26T23:00:00,active,,
M0330,P0330,A0330,MER0058|MER0030,1350001,2026-04-16T04:00:00,2026-04-16T04:00:00,2027-03-30T04:00:00,revoked,2026-06-16T04:00:00,
M0331,P0331,A0331,MER0155|MER0029,616697,2026-04-12T06:00:00,2026-04-12T06:00:00,2026-12-27T06:00:00,active,,2026-04-16T15:56:29.877036|2026-05-18T03:36:29.505201
M0332,P0332,A0332,MER0023|MER0121|MER0136,1912109,2026-04-18T14:00:00,2026-04-18T14:00:00,2026-10-26T14:00:00,active,,
M0333,P0333,A0333,MER0056|MER0027|MER0037,11816827,2026-04-05T18:00:00,2026-04-05T18:00:00,2027-03-03T18:00:00,active,,2026-05-06T20:18:03.875955|2026-06-06T14:58:54.455933|2026-06-23T10:17:24.031360|2026-07-12T02:14:55.214661
M0334,P0334,A0334,MER0098|MER0085|MER0050,14879060,2026-04-09T23:00:00,2026-04-09T23:00:00,2027-06-09T23:00:00,active,,
M0335,P0335,A0335,MER0134|MER0102|MER0175|MER0107,2722176,2026-04-04T12:00:00,2026-04-04T12:00:00,2027-08-02T12:00:00,active,,
M0336,P0336,A0336,MER0051|MER0113|MER0112|MER0003,10594809,2026-04-08T06:00:00,2026-04-08T06:00:00,2027-06-17T06:00:00,active,,2026-05-08T22:43:15.263496|2026-06-29T20:50:23.047452|2026-07-24T20:17:38.387923|2026-07-29T22:06:11.160380
M0337,P0337,A0337,MER0138|MER0195|MER0178|MER0025,6879887,2026-04-04T14:00:00,2026-04-04T14:00:00,2027-01-05T14:00:00,active,,2026-04-30T20:54:48.588061|2026-06-14T21:26:56.233175
M0338,P0338,A0338,MER0175|MER0004,1217413,2026-04-15T00:00:00,2026-04-15T00:00:00,2027-03-18T00:00:00,active,,
M0339,P0339,A0339,MER0144|MER0131|MER0120,8525254,2026-04-15T11:00:00,2026-04-15T11:00:00,2027-04-01T11:00:00,active,,2026-05-03T16:47:59.135213|2026-05-26T00:13:15.821339|2026-06-01T15:52:08.257657|2026-06-14T01:12:18.314976
M0340,P0340,A0340,MER0147|MER0086|MER0028|MER0027,6605866,2026-04-06T06:00:00,2026-04-06T06:00:00,2027-08-14T06:00:00,active,,2026-06-19T02:31:45.903743
M0341,P0341,A0341,MER0019|MER0109|MER0132|MER0082,1604730,2026-04-11T06:00:00,2026-04-11T06:00:00,2026-12-05T06:00:00,active,,2026-05-20T19:37:12.445331
M0342,P0342,A0342,MER0140|MER0000|MER0127,1007761,2026-04-11T09:00:00,2026-04-11T09:00:00,2027-09-10T09:00:00,active,,
M0343,P0343,A0343,MER0067|MER0000|MER0143|MER0009,4044900,2026-04-03T02:00:00,2026-04-03T02:00:00,2027-04-09T02:00:00,active,,2026-05-13T14:58:28.937143|2026-07-26T06:20:34.077191|2026-07-30T05:41:31.493703
M0344,P0344,A0344,MER0115|MER0059|MER0192|MER0012,7315314,2026-04-22T04:00:00,2026-04-22T04:00:00,2027-09-09T04:00:00,active,,
M0345,P0345,A0345,MER0176|MER0046|MER0147,1719346,2026-04-10T07:00:00,2026-04-10T07:00:00,2026-12-10T07:00:00,active,,
M0346,P0346,A0346,MER0070|MER0182|MER0046|MER0096,909407,2026-04-09T06:00:00,2026-04-09T06:00:00,2026-07-07T06:00:00,active,,
M0347,P0347,A0347,MER0169|MER0018|MER0175|MER0106,5335668,2026-04-05T00:00:00,2026-04-05T00:00:00,2027-05-22T00:00:00,active,,
M0348,P0348,A0348,MER0072|MER0085,906851,2026-04-10T11:00:00,2026-04-10T11:00:00,2027-04-18T11:00:00,active,,
M0349,P0349,A0349,MER0037|MER0005,4021956,2026-04-24T14:00:00,2026-04-24T14:00:00,2026-12-16T14:00:00,active,,
M0350,P0350,A0350,MER0081|MER0077,4973877,2026-04-08T06:00:00,2026-04-08T06:00:00,2027-04-08T06:00:00,active,,2026-06-03T17:41:32.023155
M0351,P0351,A0351,MER0016|MER0152|MER0194,5231586,2026-04-05T14:00:00,2026-04-05T14:00:00,2027-04-12T14:00:00,active,,
M0352,P0352,A0352,MER0056|MER0090,1682916,2026-04-03T12:00:00,2026-04-03T12:00:00,2027-08-19T12:00:00,active,,2026-05-31T14:26:09.352813|2026-06-15T22:51:43.739490|2026-07-30T18:16:13.742887
M0353,P0353,A0353,MER0053|MER0164,960863,2026-04-11T08:00:00,2026-04-11T08:00:00,2026-10-23T08:00:00,active,,2026-05-06T03:02:57.251115|2026-05-22T11:18:40.674108
M0354,P0354,A0354,MER0093|MER0040,866082,2026-04-10T06:00:00,2026-04-10T06:00:00,2026-12-10T06:00:00,active,,2026-05-19T22:32:46.332534
M0355,P0355,A0355,MER0109|MER0151|MER0157|MER0136,1337818,2026-04-20T02:00:00,2026-04-20T02:00:00,2027-02-22T02:00:00,active,,
M0356,P0356,A0356,MER0128|MER0041|MER0188,2036093,2026-04-21T20:00:00,2026-04-21T20:00:00,2027-01-31T20:00:00,active,,2026-06-04T04:58:10.460064|2026-06-24T02:59:10.714360|2026-07-06T12:59:24.893854|2026-07-13T10:08:28.604255
M0357,P0357,A0357,MER0135|MER0068|MER0184,1325182,2026-04-15T00:00:00,2026-04-15T00:00:00,2026-11-13T00:00:00,active,,
M0358,P0358,A0358,MER0189|MER0131|MER0109,7463590,2026-04-23T18:00:00,2026-04-23T18:00:00,2027-07-18T18:00:00,active,,2026-06-05T19:55:03.916853|2026-07-13T00:51:47.441039
M0359,P0359,A0359,MER0075|MER0016|MER0069,2875982,2026-04-15T00:00:00,2026-04-15T00:00:00,2027-03-21T00:00:00,active,,2026-07-01T16:44:56.878460
M0360,P0360,A0360,MER0174|MER0093|MER0073,1484644,2026-04-20T05:00:00,2026-04-20T05:00:00,2027-08-21T05:00:00,active,,2026-07-02T13:13:40.335430|2026-07-11T18:12:06.577282|2026-07-25T18:45:39.786957
M0361,P0361,A0361,MER0186|MER0132,10104178,2026-04-16T21:00:00,2026-04-16T21:00:00,2027-01-22T21:00:00,active,,
M0362,P0362,A0362,MER0071|MER0143,1533254,2026-04-06T08:00:00,2026-04-06T08:00:00,2027-08-06T08:00:00,active,,2026-05-10T02:42:06.779327
M0363,P0363,A0363,MER0001|MER0151|MER0108|MER0047,5694946,2026-04-15T03:00:00,2026-04-15T03:00:00,2026-07-05T03:00:00,active,,2026-04-23T17:37:48.180477|2026-05-08T02:22:23.551567|2026-06-12T23:38:49.364256|2026-06-19T07:49:31.805968
M0364,P0364,A0364,MER0027|MER0182|MER0096,4887440,2026-04-19T16:00:00,2026-04-19T16:00:00,2027-03-17T16:00:00,active,,2026-07-15T15:50:57.029146
M0365,P0365,A0365,MER0015|MER0084,1306063,2026-04-04T01:00:00,2026-04-04T01:00:00,2027-03-15T01:00:00,active,,
M0366,P0366,A0366,MER0022|MER0059,4216618,2026-04-15T11:00:00,2026-04-15T11:00:00,2027-09-29T11:00:00,active,,2026-04-28T04:53:03.663067
M0367,P0367,A0367,MER0070|MER0101,1000685,2026-04-23T01:00:00,2026-04-23T01:00:00,2027-01-15T01:00:00,active,,
M0368,P0368,A0368,MER0089|MER0042,1190321,2026-04-22T03:00:00,2026-04-22T03:00:00,2027-09-26T03:00:00,active,,2026-05-24T23:51:41.035411|2026-06-27T14:10:30.308939|2026-07-04T11:32:03.276550|2026-07-28T18:48:22.678940
M0369,P0369,A0369,MER0077|MER0083,6346030,2026-04-05T23:00:00,2026-04-05T23:00:00,2027-02-03T23:00:00,active,,
M0370,P0370,A0370,MER0016|MER0159|MER0013|MER0069,2988842,2026-04-04T19:00:00,2026-04-04T19:00:00,2027-04-16T19:00:00,active,,2026-07-03T21:34:47.678762|2026-07-10T00:41:56.880285
M0371,P0371,A0371,MER0111|MER0144|MER0052,5735607,2026-04-19T07:00:00,2026-04-19T07:00:00,2027-02-05T07:00:00,active,,2026-05-09T11:06:36.363760|2026-06-11T15:57:35.914333|2026-07-08T20:29:29.593290|2026-07-17T19:31:05.918369
M0372,P0372,A0372,MER0046|MER0090|MER0185,10346500,2026-04-23T07:00:00,2026-04-23T07:00:00,2026-12-13T07:00:00,active,,2026-04-27T02:14:05.492795|2026-05-12T14:53:38.435045|2026-06-07T15:36:41.164371|2026-06-28T03:45:16.938704
M0373,P0373,A0373,MER0182|MER0027,970795,2026-04-15T04:00:00,2026-04-15T04:00:00,2027-05-03T04:00:00,active,,2026-06-01T22:46:13.728279
M0374,P0374,A0374,MER0017|MER0133,7988103,2026-04-16T13:00:00,2026-04-16T13:00:00,2027-05-07T13:00:00,active,,2026-04-22T18:40:33.790025|2026-04-29T00:08:42.335436|2026-05-13T16:20:22.190396|2026-06-10T23:55:06.671385
M0375,P0375,A0375,MER0033|MER0012,699129,2026-04-05T13:00:00,2026-04-05T13:00:00,2026-11-04T13:00:00,active,,2026-04-18T07:01:51.935346|2026-05-22T00:04:19.638846|2026-06-30T16:14:43.632683|2026-07-17T13:36:18.128108
M0376,P0376,A0376,MER0063|MER0046|MER0114,6766226,2026-04-23T19:00:00,2026-04-23T19:00:00,2027-03-16T19:00:00,active,,2026-05-11T11:23:13.250651|2026-07-01T05:01:31.024766|2026-07-06T05:20:29.201839|2026-07-17T08:13:49.386784
M0377,P0377,A0377,MER0054|MER0061,654152,2026-04-14T06:00:00,2026-04-14T06:00:00,2026-10-17T06:00:00,active,,2026-05-04T05:51:31.153358
M0378,P0378,A0378,MER0046|MER0000,7518243,2026-04-22T23:00:00,2026-04-22T23:00:00,2026-07-26T23:00:00,active,,2026-04-28T04:55:05.621539
M0379,P0379,A0379,MER0083|MER0073|MER0165|MER0160,13928317,2026-04-08T10:00:00,2026-04-08T10:00:00,2026-11-25T10:00:00,active,,
M0380,P0380,A0380,MER0114|MER0177|MER0070,2256820,2026-04-18T17:00:00,2026-04-18T17:00:00,2026-10-21T17:00:00,active,,2026-07-08T11:37:44.409290|2026-07-16T23:23:44.264000|2026-07-20T12:28:21.407149
M0381,P0381,A0381,MER0043|MER0099|MER0164,4032732,2026-04-23T02:00:00,2026-04-23T02:00:00,2027-05-18T02:00:00,active,,
M0382,P0382,A0382,MER0159|MER0007|MER0075,13475145,2026-04-23T00:00:00,2026-04-23T00:00:00,2027-05-28T00:00:00,active,,
M0383,P0383,A0383,MER0195|MER0030|MER0079,9010354,2026-04-24T20:00:00,2026-04-24T20:00:00,2027-06-08T20:00:00,active,,
M0384,P0384,A0384,MER0100|MER0097|MER0115,4146297,2026-04-22T03:00:00,2026-04-22T03:00:00,2027-03-09T03:00:00,active,,2026-05-05T07:09:21.464396|2026-07-10T20:42:39.532530|2026-07-14T16:59:29.923612
M0385,P0385,A0385,MER0108|MER0043|MER0003,1312138,2026-04-19T20:00:00,2026-04-19T20:00:00,2027-09-29T20:00:00,active,,
M0386,P0386,A0386,MER0053|MER0110|MER0156|MER0108,9595321,2026-04-05T19:00:00,2026-04-05T19:00:00,2026-10-22T19:00:00,active,,
M0387,P0387,A0387,MER0152|MER0088,4486895,2026-04-04T04:00:00,2026-04-04T04:00:00,2026-10-01T04:00:00,revoked,2026-05-22T04:00:00,2026-04-28T18:14:54.134505|2026-05-12T01:46:37.204139|2026-05-20T05:12:55.446885
M0388,P0388,A0388,MER0035|MER0099,962869,2026-04-08T23:00:00,2026-04-08T23:00:00,2027-07-31T23:00:00,active,,2026-06-02T10:15:29.182491
M0389,P0389,A0389,MER0133|MER0147,10428641,2026-04-15T07:00:00,2026-04-15T07:00:00,2027-03-15T07:00:00,active,,2026-05-20T11:23:19.936679|2026-06-16T13:51:28.473614|2026-06-27T06:10:50.336240|2026-06-27T17:22:08.728605
M0390,P0390,A0390,MER0040|MER0126|MER0170,5623015,2026-04-09T20:00:00,2026-04-09T20:00:00,2027-03-07T20:00:00,active,,
M0391,P0391,A0391,MER0123|MER0136,8935613,2026-04-06T09:00:00,2026-04-06T09:00:00,2027-09-23T09:00:00,active,,
M0392,P0392,A0392,MER0151|MER0120|MER0135,4171982,2026-04-18T03:00:00,2026-04-18T03:00:00,2026-07-02T03:00:00,active,,2026-04-25T16:02:59.572778|2026-04-29T12:40:48.034696|2026-06-16T08:03:30.852070|2026-06-25T05:33:48.379397
M0393,P0393,A0393,MER0122|MER0047|MER0199|MER0179,4905872,2026-04-21T19:00:00,2026-04-21T19:00:00,2027-05-07T19:00:00,active,,
M0394,P0394,A0394,MER0149|MER0017|MER0027|MER0071,2222588,2026-04-23T07:00:00,2026-04-23T07:00:00,2026-12-08T07:00:00,active,,
M0395,P0395,A0395,MER0023|MER0044|MER0188,13595754,2026-04-21T00:00:00,2026-04-21T00:00:00,2027-10-12T00:00:00,active,,2026-05-05T18:38:24.959264|2026-05-07T15:10:32.880343|2026-06-25T14:33:19.954655|2026-07-21T09:36:24.750165
M0396,P0396,A0396,MER0001|MER0156|MER0199,7063822,2026-04-09T08:00:00,2026-04-09T08:00:00,2026-12-23T08:00:00,active,,2026-05-08T00:29:23.852543
M0397,P0397,A0397,MER0007|MER0160|MER0137,1875619,2026-04-15T04:00:00,2026-04-15T04:00:00,2027-03-14T04:00:00,active,,
M0398,P0398,A0398,MER0077|MER0192|MER0137|MER0036,13135146,2026-04-16T10:00:00,2026-04-16T10:00:00,2027-01-15T10:00:00,active,,
M0399,P0399,A0399,MER0161|MER0169,6123442,2026-04-10T07:00:00,2026-04-10T07:00:00,2027-03-04T07:00:00,active,,
M0400,P0400,A0400,MER0071|MER0140|MER0133,8488779,2026-04-07T06:00:00,2026-04-07T06:00:00,2027-05-09T06:00:00,active,,2026-06-11T13:40:33.795086
M0401,P0401,A0401,MER0085|MER0010|MER0193|MER0137,7499006,2026-04-04T23:00:00,2026-04-04T23:00:00,2027-05-28T23:00:00,active,,2026-07-29T19:45:51.658609
M0402,P0402,A0402,MER0173|MER0063|MER0114|MER0176,4932195,2026-04-16T09:00:00,2026-04-16T09:00:00,2027-09-13T09:00:00,active,,
M0403,P0403,A0403,MER0144|MER0049|MER0105,896460,2026-04-13T02:00:00,2026-04-13T02:00:00,2027-09-05T02:00:00,active,,
M0404,P0404,A0404,MER0061|MER0186|MER0158|MER0167,13486339,2026-04-11T09:00:00,2026-04-11T09:00:00,2027-08-05T09:00:00,active,,2026-04-15T14:56:15.607074|2026-04-19T19:23:05.008369|2026-05-07T20:41:57.765110|2026-07-01T23:47:47.774648
M0405,P0405,A0405,MER0157|MER0153,15103716,2026-04-13T15:00:00,2026-04-13T15:00:00,2027-02-08T15:00:00,active,,
M0406,P0406,A0406,MER0132|MER0024|MER0023,1288513,2026-04-22T17:00:00,2026-04-22T17:00:00,2026-11-25T17:00:00,active,,2026-07-24T03:21:24.511978
M0407,P0407,A0407,MER0148|MER0133,1157703,2026-04-08T17:00:00,2026-04-08T17:00:00,2027-01-15T17:00:00,active,,2026-05-05T04:32:47.814275|2026-05-28T18:10:43.964887|2026-07-02T13:43:17.020329
M0408,P0408,A0408,MER0035|MER0188,4169419,2026-04-04T17:00:00,2026-04-04T17:00:00,2026-11-19T17:00:00,active,,
M0409,P0409,A0409,MER0125|MER0174|MER0169,7545235,2026-04-05T22:00:00,2026-04-05T22:00:00,2027-08-26T22:00:00,active,,2026-05-31T20:52:20.317074|2026-06-12T01:54:36.983070
M0410,P0410,A0410,MER0182|MER0031|MER0026,9338545,2026-04-18T04:00:00,2026-04-18T04:00:00,2026-11-20T04:00:00,active,,2026-04-24T11:15:21.995157|2026-04-29T13:27:25.004891|2026-06-09T12:48:59.996176
M0411,P0411,A0411,MER0008|MER0084|MER0109,1224616,2026-04-12T01:00:00,2026-04-12T01:00:00,2026-11-12T01:00:00,active,,2026-04-21T04:37:01.032090|2026-06-14T18:07:51.481906|2026-07-15T00:57:31.272220
M0412,P0412,A0412,MER0111|MER0129|MER0199|MER0023,1850852,2026-04-21T21:00:00,2026-04-21T21:00:00,2027-08-12T21:00:00,active,,
M0413,P0413,A0413,MER0005|MER0009|MER0101|MER0143,1447714,2026-04-11T13:00:00,2026-04-11T13:00:00,2026-11-07T13:00:00,active,,2026-06-24T12:12:26.554270|2026-07-18T03:37:59.785946|2026-07-23T04:49:12.188571
M0414,P0414,A0414,MER0016|MER0174|MER0192,2942177,2026-04-04T23:00:00,2026-04-04T23:00:00,2027-05-02T23:00:00,active,,
M0415,P0415,A0415,MER0150|MER0038|MER0078|MER0011,2403841,2026-04-06T03:00:00,2026-04-06T03:00:00,2027-01-26T03:00:00,active,,2026-05-03T07:36:15.040712|2026-07-06T00:03:19.703592|2026-07-16T22:00:05.220900
M0416,P0416,A0416,MER0060|MER0166,849515,2026-04-23T01:00:00,2026-04-23T01:00:00,2026-10-29T01:00:00,active,,2026-05-07T13:02:09.785868|2026-06-04T20:54:45.301688|2026-06-05T03:41:53.741868|2026-07-01T04:40:34.070095
M0417,P0417,A0417,MER0127|MER0114,11996248,2026-04-09T22:00:00,2026-04-09T22:00:00,2026-11-04T22:00:00,active,,2026-05-06T08:30:51.775387
M0418,P0418,A0418,MER0184|MER0020|MER0003|MER0092,2735675,2026-04-04T05:00:00,2026-04-04T05:00:00,2027-05-13T05:00:00,active,,2026-06-14T16:35:02.998204|2026-07-18T09:18:45.211515|2026-07-30T23:38:00.152887
M0419,P0419,A0419,MER0115|MER0150|MER0036|MER0016,1346097,2026-04-05T17:00:00,2026-04-05T17:00:00,2027-01-15T17:00:00,active,,
M0420,P0420,A0420,MER0148|MER0090,3110358,2026-04-15T12:00:00,2026-04-15T12:00:00,2027-09-11T12:00:00,active,,
M0421,P0421,A0421,MER0177|MER0173|MER0028|MER0017,13530447,2026-04-15T03:00:00,2026-04-15T03:00:00,2027-08-26T03:00:00,active,,2026-06-10T08:24:40.132480|2026-07-14T07:35:09.940270
M0422,P0422,A0422,MER0182|MER0063|MER0029|MER0127,7542108,2026-04-07T03:00:00,2026-04-07T03:00:00,2027-09-26T03:00:00,active,,
M0423,P0423,A0423,MER0159|MER0010,6430803,2026-04-11T18:00:00,2026-04-11T18:00:00,2027-03-10T18:00:00,active,,2026-04-14T19:45:35.932742|2026-05-24T23:35:30.213719|2026-07-15T18:04:33.556398
M0424,P0424,A0424,MER0148|MER0009|MER0065,1339118,2026-04-10T01:00:00,2026-04-10T01:00:00,2027-05-15T01:00:00,active,,
M0425,P0425,A0425,MER0100|MER0007|MER0191|MER0098,10741516,2026-04-12T14:00:00,2026-04-12T14:00:00,2026-10-23T14:00:00,active,,
M0426,P0426,A0426,MER0017|MER0028|MER0182,5776382,2026-04-16T23:00:00,2026-04-16T23:00:00,2027-03-09T23:00:00,active,,
M0427,P0427,A0427,MER0185|MER0176|MER0070,3387603,2026-04-09T01:00:00,2026-04-09T01:00:00,2027-02-04T01:00:00,active,,2026-04-19T14:55:23.158178|2026-05-08T00:49:07.931207|2026-06-09T20:03:31.130490
M0428,P0428,A0428,MER0140|MER0009|MER0071|MER0127,10935270,2026-04-12T19:00:00,2026-04-12T19:00:00,2027-09-08T19:00:00,active,,
M0429,P0429,A0429,MER0174|MER0093|MER0077,8675490,2026-04-09T05:00:00,2026-04-09T05:00:00,2026-05-21T05:00:00,active,,
M0430,P0430,A0430,MER0182|MER0063|MER0143|MER0017,4318414,2026-04-21T06:00:00,2026-04-21T06:00:00,2027-08-26T06:00:00,active,,
M0431,P0431,A0431,MER0070|MER0071,7308600,2026-04-12T08:00:00,2026-04-12T08:00:00,2027-08-27T08:00:00,active,,
M0432,P0432,A0432,MER0087|MER0043,5278673,2026-04-23T03:00:00,2026-04-23T03:00:00,2027-07-06T03:00:00,active,,
M0433,P0433,A0433,MER0073|MER0013|MER0077|MER0076,3987020,2026-04-04T20:00:00,2026-04-04T20:00:00,2027-03-30T20:00:00,active,,2026-04-14T21:33:41.158204|2026-05-16T18:02:27.091337
M0434,P0434,A0434,MER0173|MER0026,8117593,2026-04-10T14:00:00,2026-04-10T14:00:00,2027-04-15T14:00:00,active,,
M0435,P0435,A0435,MER0130|MER0081|MER0042|MER0007,7000970,2026-04-14T15:00:00,2026-04-14T15:00:00,2027-03-31T15:00:00,active,,
M0436,P0436,A0436,MER0086|MER0005|MER0046,708061,2026-04-14T03:00:00,2026-04-14T03:00:00,2026-12-26T03:00:00,active,,2026-06-08T18:43:28.178064|2026-07-10T14:01:54.699091
M0437,P0437,A0437,MER0188|MER0119|MER0082|MER0123,13254140,2026-04-21T03:00:00,2026-04-21T03:00:00,2027-01-02T03:00:00,active,,
M0438,P0438,A0438,MER0072|MER0174,5104882,2026-04-20T13:00:00,2026-04-20T13:00:00,2027-05-19T13:00:00,active,,2026-06-21T20:36:54.981748
M0439,P0439,A0439,MER0164|MER0139|MER0112|MER0099,2177675,2026-04-10T13:00:00,2026-04-10T13:00:00,2027-02-08T13:00:00,active,,
M0440,P0440,A0440,MER0149|MER0096,1380078,2026-04-07T21:00:00,2026-04-07T21:00:00,2027-05-01T21:00:00,active,,2026-07-22T03:26:33.938521
M0441,P0441,A0441,MER0197|MER0087|MER0141,9109869,2026-04-16T15:00:00,2026-04-16T15:00:00,2026-12-16T15:00:00,active,,2026-06-20T04:58:30.266373|2026-06-26T13:04:28.866888|2026-06-27T09:44:41.712527|2026-07-10T04:33:25.169113
M0442,P0442,A0442,MER0029|MER0027|MER0143,958500,2026-04-17T09:00:00,2026-04-17T09:00:00,2027-08-04T09:00:00,active,,
M0443,P0443,A0443,MER0142|MER0004,5947077,2026-04-08T08:00:00,2026-04-08T08:00:00,2027-07-15T08:00:00,active,,2026-04-23T14:47:28.479741
M0444,P0444,A0444,MER0007|MER0050|MER0016,2815304,2026-04-08T09:00:00,2026-04-08T09:00:00,2027-04-21T09:00:00,active,,2026-05-06T15:46:17.286536|2026-05-12T12:40:43.717150|2026-05-17T10:25:26.729084|2026-06-27T03:04:14.274016
M0445,P0445,A0445,MER0028|MER0009|MER0026|MER0114,1187183,2026-04-18T03:00:00,2026-04-18T03:00:00,2027-05-26T03:00:00,active,,2026-07-02T16:00:17.477634|2026-07-03T16:04:17.146100
M0446,P0446,A0446,MER0034|MER0052|MER0001|MER0189,5201741,2026-04-22T00:00:00,2026-04-22T00:00:00,2027-06-08T00:00:00,active,,2026-05-02T16:33:23.922918|2026-05-22T17:38:11.323182|2026-07-26T11:26:36.377829
M0447,P0447,A0447,MER0185|MER0176,2416766,2026-04-20T14:00:00,2026-04-20T14:00:00,2027-05-23T14:00:00,active,,2026-04-25T19:38:56.603087|2026-07-26T21:19:01.672909
M0448,P0448,A0448,MER0080|MER0136|MER0164|MER0105,2201346,2026-04-22T16:00:00,2026-04-22T16:00:00,2027-04-14T16:00:00,active,,2026-05-10T10:18:22.153304|2026-05-15T19:21:10.333661|2026-06-10T20:14:47.341552
M0449,P0449,A0449,MER0028|MER0065|MER0071|MER0037,802573,2026-04-06T14:00:00,2026-04-06T14:00:00,2027-06-20T14:00:00,active,,2026-07-26T23:12:16.201631
M0450,P0450,A0450,MER0064|MER0001|MER0156|MER0015,5556969,2026-04-14T14:00:00,2026-04-14T14:00:00,2027-07-30T14:00:00,active,,2026-05-17T03:24:35.929644|2026-07-13T12:06:18.395037
M0451,P0451,A0451,MER0036|MER0137|MER0134|MER0159,5625325,2026-04-11T06:00:00,2026-04-11T06:00:00,2027-02-27T06:00:00,active,,2026-05-06T17:14:46.634881|2026-07-03T02:53:33.695768|2026-07-09T15:36:44.838057
M0452,P0452,A0452,MER0048|MER0160|MER0097,2552773,2026-04-12T06:00:00,2026-04-12T06:00:00,2027-06-28T06:00:00,active,,2026-04-17T10:20:29.412542|2026-04-24T04:44:52.470478|2026-07-19T12:11:05.581452
M0453,P0453,A0453,MER0112|MER0064|MER0183|MER0019,1860874,2026-04-24T17:00:00,2026-04-24T17:00:00,2026-12-30T17:00:00,active,,
M0454,P0454,A0454,MER0060|MER0077|MER0146|MER0045,9778922,2026-04-18T12:00:00,2026-04-18T12:00:00,2027-03-08T12:00:00,active,,
M0455,P0455,A0455,MER0069|MER0002|MER0134|MER0014,9280474,2026-04-19T12:00:00,2026-04-19T12:00:00,2026-07-12T12:00:00,active,,2026-05-09T23:33:13.850711|2026-05-19T10:37:04.514417|2026-06-03T12:40:42.908673|2026-06-11T21:00:16.405762
M0456,P0456,A0456,MER0073|MER0083|MER0152,744716,2026-04-19T17:00:00,2026-04-19T17:00:00,2027-04-16T17:00:00,active,,2026-05-02T04:04:31.608779|2026-07-19T13:25:53.123136
M0457,P0457,A0457,MER0148|MER0096|MER0067,7508120,2026-04-16T08:00:00,2026-04-16T08:00:00,2027-03-25T08:00:00,active,,2026-06-07T03:01:17.796000|2026-06-30T08:08:36.163088|2026-07-07T13:40:41.120027|2026-07-10T19:53:51.721794
M0458,P0458,A0458,MER0143|MER0067|MER0005|MER0086,680656,2026-04-12T09:00:00,2026-04-12T09:00:00,2027-05-06T09:00:00,revoked,2026-07-10T09:00:00,2026-05-19T13:30:56.974266|2026-05-20T19:01:15.170785|2026-06-23T13:40:21.028950
M0459,P0459,A0459,MER0071|MER0168,2559043,2026-04-10T22:00:00,2026-04-10T22:00:00,2026-10-30T22:00:00,active,,2026-06-10T09:56:20.016088|2026-07-07T10:43:35.524196
M0460,P0460,A0460,MER0192|MER0097|MER0038|MER0191,10661866,2026-04-20T02:00:00,2026-04-20T02:00:00,2026-10-27T02:00:00,active,,2026-06-15T22:12:55.863339|2026-07-07T12:49:30.470331|2026-07-22T05:14:31.345826
M0461,P0461,A0461,MER0164|MER0080,10638252,2026-04-15T11:00:00,2026-04-15T11:00:00,2026-12-31T11:00:00,active,,2026-05-03T13:36:44.013545|2026-05-17T05:14:13.053791
M0462,P0462,A0462,MER0143|MER0063|MER0182,615898,2026-04-10T01:00:00,2026-04-10T01:00:00,2026-10-17T01:00:00,active,,2026-04-13T17:35:13.132580|2026-04-15T17:38:51.673750|2026-05-12T11:09:03.669474|2026-07-07T21:08:20.334221
M0463,P0463,A0463,MER0092|MER0019|MER0099|MER0044,3281909,2026-04-16T18:00:00,2026-04-16T18:00:00,2027-02-28T18:00:00,active,,2026-04-19T20:47:18.705106|2026-06-13T15:04:43.835764|2026-07-04T17:28:58.788241|2026-07-23T05:48:57.250149
M0464,P0464,A0464,MER0181|MER0115|MER0059|MER0191,4648904,2026-04-12T21:00:00,2026-04-12T21:00:00,2026-10-20T21:00:00,active,,2026-05-12T16:19:48.730348
M0465,P0465,A0465,MER0153|MER0123|MER0109|MER0135,7510670,2026-04-05T15:00:00,2026-04-05T15:00:00,2027-07-16T15:00:00,active,,2026-05-20T23:37:29.306057|2026-07-30T19:56:26.206262
M0466,P0466,A0466,MER0122|MER0179|MER0041,6401255,2026-04-17T15:00:00,2026-04-17T15:00:00,2026-10-26T15:00:00,active,,2026-04-29T22:56:07.206694|2026-05-20T22:16:55.598428|2026-06-07T05:06:30.841993
M0467,P0467,A0467,MER0018|MER0025|MER0171|MER0050,9207923,2026-04-10T08:00:00,2026-04-10T08:00:00,2026-11-18T08:00:00,active,,
M0468,P0468,A0468,MER0185|MER0065|MER0017|MER0168,3140157,2026-04-12T03:00:00,2026-04-12T03:00:00,2027-03-30T03:00:00,active,,2026-05-05T22:19:49.614608|2026-05-12T08:28:01.370779|2026-06-13T10:15:47.672052|2026-07-17T02:39:19.542022
M0469,P0469,A0469,MER0168|MER0096|MER0067|MER0149,1607059,2026-04-19T09:00:00,2026-04-19T09:00:00,2026-11-26T09:00:00,active,,2026-05-28T16:40:46.025051
M0470,P0470,A0470,MER0163|MER0036,4676570,2026-04-08T13:00:00,2026-04-08T13:00:00,2026-06-14T13:00:00,active,,2026-04-10T03:39:55.817490|2026-04-18T18:32:48.394725|2026-05-07T03:20:43.410963|2026-06-06T05:45:23.890612
M0471,P0471,A0471,MER0083|MER0078|MER0163,10414428,2026-04-14T16:00:00,2026-04-14T16:00:00,2027-07-26T16:00:00,active,,2026-07-10T13:37:32.355000|2026-07-26T12:43:26.733659
M0472,P0472,A0472,MER0070|MER0155|MER0149|MER0063,2652234,2026-04-15T00:00:00,2026-04-15T00:00:00,2026-12-20T00:00:00,active,,
M0473,P0473,A0473,MER0096|MER0143,4749670,2026-04-08T10:00:00,2026-04-08T10:00:00,2026-10-07T10:00:00,active,,2026-06-09T04:19:40.126576
M0474,P0474,A0474,MER0017|MER0149,7062315,2026-04-22T11:00:00,2026-04-22T11:00:00,2027-09-09T11:00:00,active,,2026-07-24T07:38:30.081313
M0475,P0475,A0475,MER0147|MER0196|MER0090,2704304,2026-04-15T16:00:00,2026-04-15T16:00:00,2027-02-19T16:00:00,active,,
M0476,P0476,A0476,MER0181|MER0045,7672093,2026-04-07T23:00:00,2026-04-07T23:00:00,2027-01-03T23:00:00,active,,2026-05-10T13:31:18.524050|2026-05-16T14:19:05.807263|2026-06-15T11:10:37.383592|2026-07-05T23:08:01.232900
M0477,P0477,A0477,MER0153|MER0080|MER0054|MER0001,3907027,2026-04-10T14:00:00,2026-04-10T14:00:00,2027-08-17T14:00:00,active,,2026-05-17T11:22:19.564899
M0478,P0478,A0478,MER0161|MER0137,4752327,2026-04-17T19:00:00,2026-04-17T19:00:00,2027-03-17T19:00:00,active,,2026-05-21T05:09:27.122338|2026-05-28T00:45:52.707223|2026-05-28T21:16:57.098025|2026-06-07T03:17:49.530793
M0479,P0479,A0479,MER0167|MER0034|MER0197,2902656,2026-04-09T11:00:00,2026-04-09T11:00:00,2027-02-25T11:00:00,active,,
M0480,P0480,A0480,MER0156|MER0094|MER0044,1198169,2026-04-21T04:00:00,2026-04-21T04:00:00,2026-06-23T04:00:00,active,,
M0481,P0481,A0481,MER0135|MER0082|MER0198,741188,2026-04-20T13:00:00,2026-04-20T13:00:00,2027-01-16T13:00:00,active,,
M0482,P0482,A0482,MER0103|MER0165|MER0059,4393854,2026-04-04T14:00:00,2026-04-04T14:00:00,2026-11-18T14:00:00,active,,
M0483,P0483,A0483,MER0197|MER0099,11074661,2026-04-05T18:00:00,2026-04-05T18:00:00,2027-06-04T18:00:00,active,,
M0484,P0484,A0484,MER0105|MER0023|MER0186,1340519,2026-04-04T22:00:00,2026-04-04T22:00:00,2027-08-08T22:00:00,active,,2026-04-18T01:42:55.762311|2026-06-08T18:00:33.272998|2026-06-20T16:18:58.224890|2026-07-02T15:49:13.022454
M0485,P0485,A0485,MER0037|MER0056,11899556,2026-04-07T06:00:00,2026-04-07T06:00:00,2026-12-04T06:00:00,revoked,2026-06-26T06:00:00,
M0486,P0486,A0486,MER0177|MER0071,6504279,2026-04-10T18:00:00,2026-04-10T18:00:00,2026-10-15T18:00:00,active,,
M0487,P0487,A0487,MER0046|MER0196|MER0127|MER0176,3285754,2026-04-04T19:00:00,2026-04-04T19:00:00,2027-09-07T19:00:00,active,,2026-04-15T14:47:02.797232|2026-06-30T01:54:41.193192
M0488,P0488,A0488,MER0071|MER0062,5246483,2026-04-20T03:00:00,2026-04-20T03:00:00,2026-10-18T03:00:00,active,,
M0489,P0489,A0489,MER0145|MER0174|MER0022,10009245,2026-04-22T06:00:00,2026-04-22T06:00:00,2026-12-04T06:00:00,active,,2026-06-20T18:34:08.067450|2026-07-08T03:43:58.163129|2026-07-27T20:39:32.598404
M0490,P0490,A0490,MER0195|MER0104,5653540,2026-04-17T06:00:00,2026-04-17T06:00:00,2027-02-17T06:00:00,active,,
M0491,P0491,A0491,MER0038|MER0088|MER0012|MER0106,3088578,2026-04-12T12:00:00,2026-04-12T12:00:00,2027-07-25T12:00:00,active,,2026-05-05T05:10:18.014198|2026-05-13T05:38:35.855082
M0492,P0492,A0492,MER0148|MER0070|MER0027,12807170,2026-04-18T23:00:00,2026-04-18T23:00:00,2027-04-11T23:00:00,active,,2026-04-23T17:47:57.349472|2026-07-14T22:26:17.531326
M0493,P0493,A0493,MER0177|MER0185,4668240,2026-04-10T21:00:00,2026-04-10T21:00:00,2027-09-02T21:00:00,active,,
M0494,P0494,A0494,MER0160|MER0170|MER0078,9941270,2026-04-06T09:00:00,2026-04-06T09:00:00,2027-02-12T09:00:00,active,,2026-06-05T20:00:08.284834
M0495,P0495,A0495,MER0153|MER0049,5674335,2026-04-18T14:00:00,2026-04-18T14:00:00,2027-07-30T14:00:00,active,,
M0496,P0496,A0496,MER0030|MER0194|MER0102,2320290,2026-04-03T11:00:00,2026-04-03T11:00:00,2027-03-20T11:00:00,active,,
M0497,P0497,A0497,MER0088|MER0048|MER0145,9854231,2026-04-20T12:00:00,2026-04-20T12:00:00,2027-05-29T12:00:00,active,,2026-05-16T02:27:32.650923|2026-06-08T07:56:19.347696|2026-07-03T13:27:17.389058|2026-07-04T07:50:04.478573
M0498,P0498,A0498,MER0154|MER0129|MER0110,1255568,2026-04-04T15:00:00,2026-04-04T15:00:00,2027-06-17T15:00:00,active,,2026-04-08T23:10:58.511833|2026-05-22T12:18:22.887691|2026-07-26T05:46:52.637908
M0499,P0499,A0499,MER0110|MER0190,947015,2026-04-19T13:00:00,2026-04-19T13:00:00,2027-08-02T13:00:00,active,,2026-04-26T00:42:09.506976|2026-04-29T18:17:45.215629|2026-07-09T23:25:04.587021
M0500,P0500,A0500,MER0142|MER0115|MER0050,13262977,2026-04-17T01:00:00,2026-04-17T01:00:00,2027-01-24T01:00:00,active,,2026-05-07T05:44:44.763699
M0501,P0501,A0501,MER0022|MER0075|MER0045,9534589,2026-04-21T00:00:00,2026-04-21T00:00:00,2027-01-07T00:00:00,active,,2026-06-28T12:17:27.331599|2026-07-01T13:50:31.597077|2026-07-14T23:11:06.392134|2026-07-23T04:42:26.292281
M0502,P0502,A0502,MER0039|MER0124,878851,2026-04-07T21:00:00,2026-04-07T21:00:00,2026-12-11T21:00:00,active,,2026-05-27T06:41:05.695128|2026-07-01T03:17:53.110726|2026-07-11T07:56:54.183590
M0503,P0503,A0503,MER0026|MER0114|MER0168|MER0196,14557630,2026-04-03T15:00:00,2026-04-03T15:00:00,2026-12-30T15:00:00,active,,2026-04-04T19:30:26.047927|2026-06-02T19:07:23.513223|2026-06-14T07:50:59.933588
M0504,P0504,A0504,MER0065|MER0031,3802373,2026-04-18T13:00:00,2026-04-18T13:00:00,2027-03-18T13:00:00,active,,2026-05-18T21:25:52.734045|2026-06-02T09:21:30.178710
M0505,P0505,A0505,MER0155|MER0009|MER0070|MER0143,3277885,2026-04-08T11:00:00,2026-04-08T11:00:00,2027-06-26T11:00:00,active,,2026-05-18T14:07:47.951612
M0506,P0506,A0506,MER0129|MER0003,3990149,2026-04-08T21:00:00,2026-04-08T21:00:00,2027-06-21T21:00:00,active,,2026-04-16T00:50:04.612620|2026-05-27T14:42:12.840977|2026-06-22T18:09:08.439734|2026-06-24T14:34:07.110023
M0507,P0507,A0507,MER0029|MER0148|MER0173,9691176,2026-04-15T07:00:00,2026-04-15T07:00:00,2027-07-12T07:00:00,active,,2026-06-11T15:40:27.780581|2026-07-29T05:59:18.917324
M0508,P0508,A0508,MER0027|MER0037|MER0000|MER0101,2071607,2026-04-21T17:00:00,2026-04-21T17:00:00,2027-08-28T17:00:00,active,,2026-06-08T04:25:53.823963
M0509,P0509,A0509,MER0152|MER0142,1848941,2026-04-14T04:00:00,2026-04-14T04:00:00,2027-09-27T04:00:00,active,,2026-04-17T16:25:33.340192|2026-05-13T18:15:38.924512|2026-07-06T05:13:44.661674
M0510,P0510,A0510,MER0143|MER0005|MER0148,832891,2026-04-13T20:00:00,2026-04-13T20:00:00,2027-08-11T20:00:00,active,,
M0511,P0511,A0511,MER0128|MER0092|MER0057|MER0034,5112689,2026-04-20T07:00:00,2026-04-20T07:00:00,2026-12-30T07:00:00,active,,2026-05-26T04:12:58.846007|2026-06-06T13:16:00.646626|2026-06-22T15:11:33.006412
M0512,P0512,A0512,MER0184|MER0144|MER0020|MER0032,4862384,2026-04-14T00:00:00,2026-04-14T00:00:00,2027-08-18T00:00:00,active,,
M0513,P0513,A0513,MER0161|MER0018|MER0098,11228861,2026-04-25T00:00:00,2026-04-25T00:00:00,2026-08-03T00:00:00,active,,
M0514,P0514,A0514,MER0034|MER0136|MER0043|MER0064,4225116,2026-04-21T17:00:00,2026-04-21T17:00:00,2027-08-29T17:00:00,active,,
M0515,P0515,A0515,MER0012|MER0104|MER0175|MER0146,11073722,2026-04-10T04:00:00,2026-04-10T04:00:00,2027-09-24T04:00:00,active,,2026-06-17T06:42:52.277875
M0516,P0516,A0516,MER0081|MER0078|MER0002|MER0125,13967069,2026-04-09T02:00:00,2026-04-09T02:00:00,2027-09-07T02:00:00,active,,2026-04-20T23:07:58.837902|2026-05-05T06:19:44.348074|2026-06-28T11:48:53.548108
M0517,P0517,A0517,MER0192|MER0081,2505314,2026-04-23T06:00:00,2026-04-23T06:00:00,2027-09-10T06:00:00,active,,2026-04-25T11:33:29.204756|2026-05-27T15:04:54.264073|2026-05-28T04:39:12.860324|2026-07-24T09:03:38.089761
M0518,P0518,A0518,MER0149|MER0168,1710449,2026-04-10T11:00:00,2026-04-10T11:00:00,2027-09-16T11:00:00,active,,2026-06-20T13:00:25.721744
M0519,P0519,A0519,MER0034|MER0080|MER0167,3108992,2026-04-14T20:00:00,2026-04-14T20:00:00,2027-03-21T20:00:00,active,,2026-05-03T16:10:25.304759|2026-06-21T16:38:50.666849
M0520,P0520,A0520,MER0147|MER0143|MER0005|MER0086,1114802,2026-04-22T00:00:00,2026-04-22T00:00:00,2027-02-16T00:00:00,active,,2026-05-02T16:45:05.663694|2026-05-14T19:55:58.489478|2026-06-22T17:05:31.858487|2026-07-16T23:12:13.168541
M0521,P0521,A0521,MER0083|MER0055|MER0048|MER0116,1460362,2026-04-21T03:00:00,2026-04-21T03:00:00,2027-02-06T03:00:00,active,,
M0522,P0522,A0522,MER0028|MER0096|MER0173,3268292,2026-04-21T11:00:00,2026-04-21T11:00:00,2027-05-12T11:00:00,active,,2026-04-22T19:00:34.961371|2026-05-08T03:43:21.820244|2026-06-01T11:07:49.671218|2026-07-18T19:01:13.989763
M0523,P0523,A0523,MER0056|MER0028|MER0133,5945578,2026-04-22T18:00:00,2026-04-22T18:00:00,2027-05-21T18:00:00,active,,
M0524,P0524,A0524,MER0049|MER0198,10859998,2026-04-23T09:00:00,2026-04-23T09:00:00,2027-08-22T09:00:00,active,,2026-05-26T05:26:51.971845
M0525,P0525,A0525,MER0174|MER0194,3906201,2026-04-19T20:00:00,2026-04-19T20:00:00,2026-07-06T20:00:00,active,,
M0526,P0526,A0526,MER0180|MER0162|MER0064,11611465,2026-04-09T06:00:00,2026-04-09T06:00:00,2027-02-05T06:00:00,active,,
M0527,P0527,A0527,MER0038|MER0083|MER0014,4987711,2026-04-03T14:00:00,2026-04-03T14:00:00,2027-05-23T14:00:00,active,,
M0528,P0528,A0528,MER0145|MER0160,1276502,2026-04-23T08:00:00,2026-04-23T08:00:00,2027-04-07T08:00:00,active,,
M0529,P0529,A0529,MER0014|MER0002|MER0010,2958266,2026-04-17T10:00:00,2026-04-17T10:00:00,2027-04-29T10:00:00,active,,2026-06-13T07:12:15.302442|2026-07-01T20:37:26.223943|2026-07-19T06:51:33.004858
M0530,P0530,A0530,MER0172|MER0015|MER0139|MER0154,896436,2026-04-04T19:00:00,2026-04-04T19:00:00,2026-10-21T19:00:00,active,,
M0531,P0531,A0531,MER0139|MER0135|MER0044|MER0041,6914774,2026-04-07T17:00:00,2026-04-07T17:00:00,2027-07-27T17:00:00,active,,2026-05-20T11:38:48.800127|2026-06-22T13:17:06.824332
M0532,P0532,A0532,MER0150|MER0066,11388795,2026-04-11T07:00:00,2026-04-11T07:00:00,2027-09-28T07:00:00,active,,
M0533,P0533,A0533,MER0070|MER0101,3351631,2026-04-13T21:00:00,2026-04-13T21:00:00,2027-05-28T21:00:00,active,,
M0534,P0534,A0534,MER0049|MER0051,874618,2026-04-19T19:00:00,2026-04-19T19:00:00,2027-04-23T19:00:00,active,,
M0535,P0535,A0535,MER0046|MER0185|MER0090|MER0155,709511,2026-04-18T20:00:00,2026-04-18T20:00:00,2027-10-05T20:00:00,active,,
M0536,P0536,A0536,MER0065|MER0005|MER0063,2016880,2026-04-21T20:00:00,2026-04-21T20:00:00,2026-10-24T20:00:00,active,,
M0537,P0537,A0537,MER0129|MER0154|MER0199|MER0054,5197740,2026-04-15T18:00:00,2026-04-15T18:00:00,2027-06-25T18:00:00,active,,2026-06-06T20:20:29.469203|2026-06-07T01:17:31.171293|2026-06-24T11:28:11.368342|2026-07-18T01:16:12.250348
M0538,P0538,A0538,MER0026|MER0101,1355035,2026-04-10T20:00:00,2026-04-10T20:00:00,2026-12-22T20:00:00,active,,
M0539,P0539,A0539,MER0060|MER0102|MER0159|MER0142,5718220,2026-04-22T17:00:00,2026-04-22T17:00:00,2027-07-14T17:00:00,active,,
M0540,P0540,A0540,MER0009|MER0140|MER0028|MER0101,4307364,2026-04-19T05:00:00,2026-04-19T05:00:00,2027-07-16T05:00:00,active,,2026-07-28T04:37:49.129979
M0541,P0541,A0541,MER0174|MER0163|MER0075,1273186,2026-04-10T17:00:00,2026-04-10T17:00:00,2027-01-08T17:00:00,active,,
M0542,P0542,A0542,MER0142|MER0055,998542,2026-04-05T15:00:00,2026-04-05T15:00:00,2027-02-21T15:00:00,active,,2026-07-20T17:41:47.232490
M0543,P0543,A0543,MER0085|MER0013|MER0066|MER0073,3854864,2026-04-11T14:00:00,2026-04-11T14:00:00,2027-06-09T14:00:00,active,,2026-05-17T15:47:09.652127
M0544,P0544,A0544,MER0068|MER0154,2778110,2026-04-07T05:00:00,2026-04-07T05:00:00,2027-01-13T05:00:00,active,,
M0545,P0545,A0545,MER0110|MER0184|MER0003,914332,2026-04-22T04:00:00,2026-04-22T04:00:00,2026-12-15T04:00:00,active,,2026-06-20T11:18:56.158271|2026-06-25T00:35:59.080084
M0546,P0546,A0546,MER0070|MER0143,1562060,2026-04-22T18:00:00,2026-04-22T18:00:00,2027-01-17T18:00:00,active,,2026-05-23T09:56:17.331047|2026-07-18T14:36:43.404678|2026-07-26T22:36:40.381418
M0547,P0547,A0547,MER0079|MER0171|MER0160,1088597,2026-04-13T17:00:00,2026-04-13T17:00:00,2027-01-11T17:00:00,active,,2026-05-04T00:26:13.460464|2026-06-07T06:04:56.306603|2026-06-26T09:21:15.430020|2026-07-05T20:03:17.312731
M0548,P0548,A0548,MER0098|MER0195|MER0166,5434839,2026-04-08T13:00:00,2026-04-08T13:00:00,2027-01-31T13:00:00,active,,2026-06-01T20:43:36.234159|2026-06-25T22:01:55.269482|2026-07-05T03:31:56.794926
M0549,P0549,A0549,MER0186|MER0052,672263,2026-04-13T11:00:00,2026-04-13T11:00:00,2027-04-30T11:00:00,active,,
M0550,P0550,A0550,MER0053|MER0113|MER0164|MER0153,1776297,2026-04-24T15:00:00,2026-04-24T15:00:00,2027-03-07T15:00:00,active,,2026-05-25T07:54:32.395874|2026-05-31T14:12:06.309412|2026-07-05T02:46:48.123277
M0551,P0551,A0551,MER0141|MER0111|MER0135,1757449,2026-04-22T02:00:00,2026-04-22T02:00:00,2026-10-21T02:00:00,active,,2026-05-28T02:10:55.247097|2026-07-08T00:30:26.899647|2026-07-11T19:33:39.303108|2026-07-28T14:33:58.191468
M0552,P0552,A0552,MER0060|MER0066|MER0076|MER0083,719265,2026-04-14T02:00:00,2026-04-14T02:00:00,2027-04-24T02:00:00,active,,
M0553,P0553,A0553,MER0193|MER0160,1282986,2026-04-17T18:00:00,2026-04-17T18:00:00,2027-02-15T18:00:00,active,,
M0554,P0554,A0554,MER0153|MER0020|MER0124|MER0156,10811187,2026-04-10T18:00:00,2026-04-10T18:00:00,2027-08-03T18:00:00,active,,2026-05-12T09:23:13.673040|2026-05-22T18:12:42.049462|2026-07-23T06:29:11.868221
M0555,P0555,A0555,MER0040|MER0016|MER0093,14491251,2026-04-16T10:00:00,2026-04-16T10:00:00,2027-08-10T10:00:00,active,,2026-06-02T10:25:05.586844
M0556,P0556,A0556,MER0177|MER0070|MER0182|MER0176,2680428,2026-04-13T21:00:00,2026-04-13T21:00:00,2026-11-13T21:00:00,active,,
M0557,P0557,A0557,MER0121|MER0141|MER0082,1544497,2026-04-08T21:00:00,2026-04-08T21:00:00,2027-05-28T21:00:00,active,,2026-04-12T11:45:03.929447|2026-05-08T17:31:49.044591|2026-07-03T08:37:39.214607
M0558,P0558,A0558,MER0125|MER0130|MER0115|MER0152,4925124,2026-04-05T10:00:00,2026-04-05T10:00:00,2027-06-21T10:00:00,active,,
M0559,P0559,A0559,MER0093|MER0166|MER0152|MER0081,1664619,2026-04-21T22:00:00,2026-04-21T22:00:00,2026-11-25T22:00:00,active,,
M0560,P0560,A0560,MER0048|MER0161|MER0022|MER0175,1197178,2026-04-18T16:00:00,2026-04-18T16:00:00,2027-01-20T16:00:00,active,,
M0561,P0561,A0561,MER0149|MER0148|MER0037,4961455,2026-04-23T22:00:00,2026-04-23T22:00:00,2027-09-16T22:00:00,active,,2026-05-23T17:03:00.101080|2026-06-03T06:14:53.494672|2026-06-25T00:55:05.826365|2026-07-21T01:51:42.113839
M0562,P0562,A0562,MER0000|MER0065,5182391,2026-04-14T04:00:00,2026-04-14T04:00:00,2027-02-02T04:00:00,active,,
M0563,P0563,A0563,MER0068|MER0186|MER0120,10583538,2026-04-21T10:00:00,2026-04-21T10:00:00,2027-01-01T10:00:00,active,,2026-06-14T18:12:46.511087
M0564,P0564,A0564,MER0169|MER0100,14471889,2026-04-05T21:00:00,2026-04-05T21:00:00,2027-01-27T21:00:00,active,,2026-05-08T07:40:51.546995|2026-05-26T02:12:20.338798
M0565,P0565,A0565,MER0007|MER0040|MER0137,1224092,2026-04-07T01:00:00,2026-04-07T01:00:00,2027-01-18T01:00:00,active,,2026-04-22T06:02:25.910401|2026-04-30T16:28:22.214025|2026-06-14T07:50:03.274704|2026-07-04T22:24:41.406813
M0566,P0566,A0566,MER0178|MER0163|MER0036|MER0048,1347299,2026-04-09T08:00:00,2026-04-09T08:00:00,2027-08-11T08:00:00,active,,
M0567,P0567,A0567,MER0063|MER0027,775740,2026-04-20T00:00:00,2026-04-20T00:00:00,2027-07-04T00:00:00,active,,2026-05-29T18:18:40.743194
M0568,P0568,A0568,MER0028|MER0114|MER0127,8559069,2026-04-12T05:00:00,2026-04-12T05:00:00,2027-09-07T05:00:00,active,,
M0569,P0569,A0569,MER0107|MER0146|MER0006|MER0079,1238521,2026-04-23T21:00:00,2026-04-23T21:00:00,2027-02-24T21:00:00,active,,2026-05-08T14:47:53.867301|2026-06-09T21:59:58.130203
M0570,P0570,A0570,MER0187|MER0066,5076503,2026-04-13T00:00:00,2026-04-13T00:00:00,2026-12-29T00:00:00,active,,2026-07-03T20:59:05.319131|2026-07-11T07:47:46.566822
M0571,P0571,A0571,MER0033|MER0048|MER0007,3131600,2026-04-18T14:00:00,2026-04-18T14:00:00,2027-08-31T14:00:00,active,,
M0572,P0572,A0572,MER0015|MER0117|MER0153,7240143,2026-04-06T00:00:00,2026-04-06T00:00:00,2027-04-29T00:00:00,revoked,2026-06-09T00:00:00,
M0573,P0573,A0573,MER0054|MER0053|MER0039|MER0003,908817,2026-04-14T15:00:00,2026-04-14T15:00:00,2026-11-13T15:00:00,active,,2026-04-30T00:09:11.003209|2026-06-12T01:18:55.625490|2026-06-19T04:12:00.623909|2026-07-16T05:34:07.015208
M0574,P0574,A0574,MER0111|MER0153,649220,2026-04-18T17:00:00,2026-04-18T17:00:00,2027-09-16T17:00:00,active,,
M0575,P0575,A0575,MER0039|MER0154|MER0157|MER0186,10757298,2026-04-09T09:00:00,2026-04-09T09:00:00,2026-12-11T09:00:00,active,,2026-07-02T14:40:54.908720
M0576,P0576,A0576,MER0108|MER0198|MER0041,3043665,2026-04-10T15:00:00,2026-04-10T15:00:00,2027-09-09T15:00:00,active,,
M0577,P0577,A0577,MER0196|MER0176|MER0185|MER0071,11913521,2026-04-07T21:00:00,2026-04-07T21:00:00,2027-09-07T21:00:00,active,,
M0578,P0578,A0578,MER0107|MER0194|MER0012|MER0060,10321773,2026-04-08T01:00:00,2026-04-08T01:00:00,2026-10-22T01:00:00,active,,2026-05-15T11:42:28.115080|2026-05-17T21:39:41.758185|2026-06-02T17:11:14.140353|2026-06-12T16:29:57.188612
M0579,P0579,A0579,MER0129|MER0141|MER0082|MER0144,4917209,2026-04-22T17:00:00,2026-04-22T17:00:00,2026-12-18T17:00:00,active,,
M0580,P0580,A0580,MER0118|MER0061|MER0094,882093,2026-04-14T08:00:00,2026-04-14T08:00:00,2027-06-01T08:00:00,active,,
M0581,P0581,A0581,MER0070|MER0026|MER0127|MER0147,15009176,2026-04-23T02:00:00,2026-04-23T02:00:00,2026-12-23T02:00:00,active,,
M0582,P0582,A0582,MER0170|MER0083,1019866,2026-04-07T23:00:00,2026-04-07T23:00:00,2027-05-15T23:00:00,active,,
M0583,P0583,A0583,MER0128|MER0162,3979212,2026-04-09T10:00:00,2026-04-09T10:00:00,2027-01-27T10:00:00,active,,2026-06-08T06:44:41.146842|2026-06-12T11:01:46.248293|2026-07-06T18:28:21.068758
M0584,P0584,A0584,MER0021|MER0172|MER0121|MER0179,945448,2026-04-11T21:00:00,2026-04-11T21:00:00,2027-07-06T21:00:00,active,,2026-06-21T17:09:19.357164|2026-07-16T08:36:13.501682
M0585,P0585,A0585,MER0045|MER0169|MER0192|MER0130,2723385,2026-04-09T18:00:00,2026-04-09T18:00:00,2027-04-29T18:00:00,active,,
M0586,P0586,A0586,MER0149|MER0096|MER0031,1935214,2026-04-12T01:00:00,2026-04-12T01:00:00,2027-07-20T01:00:00,active,,2026-04-19T11:55:31.245004
M0587,P0587,A0587,MER0037|MER0155,8384244,2026-04-08T16:00:00,2026-04-08T16:00:00,2026-12-25T16:00:00,active,,2026-05-07T18:07:50.861972|2026-05-19T06:18:16.870689
M0588,P0588,A0588,MER0040|MER0116|MER0036,2886787,2026-04-22T20:00:00,2026-04-22T20:00:00,2027-06-03T20:00:00,active,,2026-04-24T21:35:14.032198|2026-05-05T10:41:08.963876|2026-05-24T15:19:03.228443
M0589,P0589,A0589,MER0187|MER0146|MER0073|MER0137,12593637,2026-04-12T08:00:00,2026-04-12T08:00:00,2027-08-17T08:00:00,active,,2026-04-17T19:10:54.443068|2026-07-17T17:36:57.634101|2026-07-25T19:51:37.337307
M0590,P0590,A0590,MER0149|MER0147,1313994,2026-04-21T11:00:00,2026-04-21T11:00:00,2027-10-07T11:00:00,active,,2026-05-02T18:19:13.430251|2026-05-14T22:07:12.701008|2026-07-31T05:15:09.851545
M0591,P0591,A0591,MER0121|MER0091|MER0157|MER0136,1190918,2026-04-16T04:00:00,2026-04-16T04:00:00,2027-03-05T04:00:00,active,,
M0592,P0592,A0592,MER0173|MER0101|MER0143|MER0070,1215051,2026-04-14T06:00:00,2026-04-14T06:00:00,2027-06-16T06:00:00,active,,2026-04-26T08:58:59.827137|2026-06-25T11:20:02.239961|2026-06-30T01:30:09.717880|2026-07-07T19:24:27.033412
M0593,P0593,A0593,MER0184|MER0123|MER0197|MER0164,5041182,2026-04-15T03:00:00,2026-04-15T03:00:00,2027-08-10T03:00:00,active,,
M0594,P0594,A0594,MER0025|MER0036|MER0074|MER0103,9680101,2026-04-22T20:00:00,2026-04-22T20:00:00,2027-08-24T20:00:00,active,,2026-05-28T05:11:43.371803
M0595,P0595,A0595,MER0185|MER0176|MER0009,5358375,2026-04-16T17:00:00,2026-04-16T17:00:00,2027-05-22T17:00:00,active,,2026-04-20T05:50:38.207591|2026-07-26T00:47:36.205120
M0596,P0596,A0596,MER0125|MER0007|MER0142,5522795,2026-04-11T23:00:00,2026-04-11T23:00:00,2027-04-02T23:00:00,active,,
M0597,P0597,A0597,MER0017|MER0096|MER0149,9921723,2026-04-23T17:00:00,2026-04-23T17:00:00,2027-01-10T17:00:00,active,,
M0598,P0598,A0598,MER0113|MER0129|MER0119|MER0057,11410114,2026-04-18T06:00:00,2026-04-18T06:00:00,2027-08-26T06:00:00,active,,
M0599,P0599,A0599,MER0088|MER0025|MER0022,2199742,2026-04-24T02:00:00,2026-04-24T02:00:00,2027-07-02T02:00:00,active,,
M0600,P0600,A0600,MER0152|MER0100|MER0098,5381454,2026-04-18T00:00:00,2026-04-18T00:00:00,2027-01-09T00:00:00,active,,2026-06-16T06:58:16.628183|2026-06-30T19:46:11.421518|2026-07-22T12:26:25.778169
M0601,P0601,A0601,MER0057|MER0128|MER0199|MER0032,5011411,2026-04-09T06:00:00,2026-04-09T06:00:00,2027-08-08T06:00:00,active,,
M0602,P0602,A0602,MER0101|MER0177,1999844,2026-04-15T02:00:00,2026-04-15T02:00:00,2027-04-27T02:00:00,active,,
M0603,P0603,A0603,MER0185|MER0027|MER0096|MER0065,988280,2026-04-17T03:00:00,2026-04-17T03:00:00,2027-01-01T03:00:00,active,,2026-05-10T21:33:43.183082|2026-05-11T11:16:25.074514|2026-06-29T09:55:02.787805|2026-07-18T03:20:21.614126
M0604,P0604,A0604,MER0063|MER0037|MER0000|MER0086,913027,2026-04-10T02:00:00,2026-04-10T02:00:00,2027-06-11T02:00:00,active,,2026-05-26T20:25:47.924271|2026-07-14T04:49:05.958284
M0605,P0605,A0605,MER0186|MER0124|MER0095,3330427,2026-04-14T17:00:00,2026-04-14T17:00:00,2027-04-15T17:00:00,active,,
M0606,P0606,A0606,MER0114|MER0026|MER0031|MER0096,1160379,2026-04-11T11:00:00,2026-04-11T11:00:00,2026-11-26T11:00:00,active,,
M0607,P0607,A0607,MER0153|MER0172|MER0112|MER0041,5304415,2026-04-22T15:00:00,2026-04-22T15:00:00,2027-10-13T15:00:00,active,,
M0608,P0608,A0608,MER0078|MER0175|MER0012,2338584,2026-04-18T16:00:00,2026-04-18T16:00:00,2027-08-13T16:00:00,active,,
M0609,P0609,A0609,MER0171|MER0138,3831926,2026-04-21T18:00:00,2026-04-21T18:00:00,2027-04-13T18:00:00,active,,
M0610,P0610,A0610,MER0102|MER0014|MER0079|MER0174,4831839,2026-04-12T23:00:00,2026-04-12T23:00:00,2027-08-11T23:00:00,active,,
M0611,P0611,A0611,MER0069|MER0138|MER0088,13354575,2026-04-21T21:00:00,2026-04-21T21:00:00,2027-04-05T21:00:00,active,,
M0612,P0612,A0612,MER0051|MER0179|MER0189,1362900,2026-04-13T01:00:00,2026-04-13T01:00:00,2026-11-06T01:00:00,active,,2026-07-06T16:49:02.731046
M0613,P0613,A0613,MER0014|MER0165|MER0125|MER0048,15094895,2026-04-09T16:00:00,2026-04-09T16:00:00,2027-01-05T16:00:00,active,,2026-04-21T05:06:21.307534|2026-05-17T19:51:06.561829|2026-05-25T20:45:23.789019|2026-07-01T06:39:25.972742
M0614,P0614,A0614,MER0124|MER0131|MER0123|MER0153,669039,2026-04-07T22:00:00,2026-04-07T22:00:00,2027-03-12T22:00:00,active,,
M0615,P0615,A0615,MER0027|MER0056|MER0070,3005518,2026-04-15T13:00:00,2026-04-15T13:00:00,2027-09-08T13:00:00,active,,2026-06-11T01:43:06.040014
M0616,P0616,A0616,MER0013|MER0171|MER0104|MER0025,2922780,2026-04-08T01:00:00,2026-04-08T01:00:00,2026-06-07T01:00:00,active,,2026-05-26T05:51:14.591133
M0617,P0617,A0617,MER0122|MER0024|MER0057|MER0064,1118649,2026-04-24T16:00:00,2026-04-24T16:00:00,2027-07-22T16:00:00,active,,2026-06-20T08:14:13.586087|2026-06-22T20:08:39.172858
M0618,P0618,A0618,MER0056|MER0173|MER0037|MER0148,616875,2026-04-04T16:00:00,2026-04-04T16:00:00,2027-07-03T16:00:00,active,,
M0619,P0619,A0619,MER0083|MER0030|MER0100,1129132,2026-04-09T14:00:00,2026-04-09T14:00:00,2026-11-26T14:00:00,active,,
M0620,P0620,A0620,MER0144|MER0180|MER0124,2595090,2026-04-17T08:00:00,2026-04-17T08:00:00,2026-11-16T08:00:00,active,,2026-06-08T08:57:26.296712|2026-07-27T05:07:34.008097
M0621,P0621,A0621,MER0114|MER0017,1226871,2026-04-19T19:00:00,2026-04-19T19:00:00,2027-08-14T19:00:00,active,,2026-06-17T05:12:57.293439|2026-07-01T10:00:00.224183|2026-07-22T19:15:01.730640
M0622,P0622,A0622,MER0179|MER0068|MER0108,12061156,2026-04-13T09:00:00,2026-04-13T09:00:00,2027-01-19T09:00:00,active,,
M0623,P0623,A0623,MER0133|MER0027|MER0168,915118,2026-04-04T08:00:00,2026-04-04T08:00:00,2027-07-15T08:00:00,active,,2026-06-26T02:30:57.036927|2026-07-04T12:14:24.315420|2026-07-04T12:31:35.050643|2026-07-30T10:20:34.450009
M0624,P0624,A0624,MER0064|MER0035,13772002,2026-04-13T14:00:00,2026-04-13T14:00:00,2027-07-29T14:00:00,active,,
M0625,P0625,A0625,MER0172|MER0015,1484145,2026-04-04T20:00:00,2026-04-04T20:00:00,2027-03-30T20:00:00,active,,2026-04-26T16:38:19.140766|2026-05-19T05:16:24.891503|2026-06-06T03:20:53.892390|2026-07-01T05:49:14.031037
M0626,P0626,A0626,MER0082|MER0039,10425880,2026-04-17T12:00:00,2026-04-17T12:00:00,2027-03-26T12:00:00,active,,2026-06-16T21:34:43.483274|2026-06-21T06:05:25.960250
M0627,P0627,A0627,MER0066|MER0033|MER0083,1682864,2026-04-03T16:00:00,2026-04-03T16:00:00,2027-03-18T16:00:00,active,,
M0628,P0628,A0628,MER0116|MER0011|MER0045,1383787,2026-04-08T15:00:00,2026-04-08T15:00:00,2027-09-12T15:00:00,active,,
M0629,P0629,A0629,MER0111|MER0080|MER0099|MER0131,10145573,2026-04-04T03:00:00,2026-04-04T03:00:00,2027-04-12T03:00:00,active,,
M0630,P0630,A0630,MER0000|MER0140|MER0009,6643907,2026-04-17T09:00:00,2026-04-17T09:00:00,2027-02-05T09:00:00,active,,2026-06-08T04:23:16.318692|2026-07-21T04:56:02.339727
M0631,P0631,A0631,MER0093|MER0050|MER0076|MER0115,1009225,2026-04-13T11:00:00,2026-04-13T11:00:00,2027-07-28T11:00:00,active,,
M0632,P0632,A0632,MER0027|MER0182,3986538,2026-04-18T13:00:00,2026-04-18T13:00:00,2026-11-02T13:00:00,active,,2026-04-23T11:00:47.757359|2026-05-29T12:17:37.808519
M0633,P0633,A0633,MER0014|MER0074|MER0134|MER0192,1242739,2026-04-15T05:00:00,2026-04-15T05:00:00,2027-05-26T05:00:00,active,,2026-07-02T01:10:17.184684|2026-07-06T16:11:21.111342
M0634,P0634,A0634,MER0004|MER0045|MER0098|MER0076,4730873,2026-04-08T23:00:00,2026-04-08T23:00:00,2027-08-30T23:00:00,revoked,2026-06-11T23:00:00,2026-04-24T03:33:22.405236|2026-05-11T19:27:32.508980|2026-05-19T11:20:49.222912
M0635,P0635,A0635,MER0148|MER0005|MER0026|MER0067,706952,2026-04-23T10:00:00,2026-04-23T10:00:00,2027-01-10T10:00:00,active,,
M0636,P0636,A0636,MER0014|MER0125,1871421,2026-04-20T11:00:00,2026-04-20T11:00:00,2027-01-11T11:00:00,active,,2026-05-05T22:48:40.390283
M0637,P0637,A0637,MER0073|MER0002|MER0106|MER0174,9922067,2026-04-05T01:00:00,2026-04-05T01:00:00,2026-12-02T01:00:00,active,,
M0638,P0638,A0638,MER0169|MER0016|MER0006|MER0146,2281005,2026-04-22T18:00:00,2026-04-22T18:00:00,2027-10-05T18:00:00,active,,2026-06-23T09:33:28.080038|2026-06-30T08:31:32.398602
M0639,P0639,A0639,MER0149|MER0155|MER0037|MER0177,655083,2026-04-14T15:00:00,2026-04-14T15:00:00,2027-09-02T15:00:00,active,,
M0640,P0640,A0640,MER0046|MER0127|MER0005,935615,2026-04-16T20:00:00,2026-04-16T20:00:00,2027-06-05T20:00:00,active,,
M0641,P0641,A0641,MER0038|MER0194|MER0102,11908500,2026-04-10T02:00:00,2026-04-10T02:00:00,2027-05-08T02:00:00,active,,2026-04-25T20:37:03.013514|2026-05-18T13:54:09.896528|2026-06-01T12:48:34.918341|2026-06-23T22:33:17.296821
M0642,P0642,A0642,MER0092|MER0082,2954659,2026-04-10T13:00:00,2026-04-10T13:00:00,2027-09-09T13:00:00,active,,2026-05-26T20:27:58.865178|2026-06-11T09:25:10.182636|2026-06-22T00:36:58.062658|2026-07-05T08:14:00.991351
M0643,P0643,A0643,MER0042|MER0146|MER0030,6043170,2026-04-21T18:00:00,2026-04-21T18:00:00,2027-09-02T18:00:00,active,,2026-05-08T10:07:35.156256|2026-05-31T04:17:49.928699|2026-06-16T22:03:48.155775
M0644,P0644,A0644,MER0061|MER0139|MER0015,808081,2026-04-10T01:00:00,2026-04-10T01:00:00,2027-01-03T01:00:00,active,,
M0645,P0645,A0645,MER0129|MER0186,4618094,2026-04-09T10:00:00,2026-04-09T10:00:00,2027-06-02T10:00:00,active,,
M0646,P0646,A0646,MER0176|MER0009|MER0028,9628823,2026-04-05T06:00:00,2026-04-05T06:00:00,2026-10-29T06:00:00,active,,2026-04-23T17:16:42.870090|2026-04-29T19:10:18.061373|2026-04-30T23:01:30.022451
M0647,P0647,A0647,MER0193|MER0089|MER0178,11437820,2026-04-18T07:00:00,2026-04-18T07:00:00,2027-01-12T07:00:00,active,,2026-05-04T22:47:08.745270|2026-07-21T01:49:11.163360
M0648,P0648,A0648,MER0177|MER0143,12656731,2026-04-09T12:00:00,2026-04-09T12:00:00,2027-06-03T12:00:00,active,,2026-06-23T20:28:48.409836|2026-07-28T19:49:23.759012
M0649,P0649,A0649,MER0025|MER0011|MER0040,2273577,2026-04-16T07:00:00,2026-04-16T07:00:00,2027-01-08T07:00:00,active,,
M0650,P0650,A0650,MER0196|MER0185|MER0056,7520396,2026-04-17T02:00:00,2026-04-17T02:00:00,2027-09-22T02:00:00,active,,
M0651,P0651,A0651,MER0014|MER0055|MER0040,13370007,2026-04-22T20:00:00,2026-04-22T20:00:00,2027-01-03T20:00:00,active,,
M0652,P0652,A0652,MER0113|MER0109,9246232,2026-04-05T23:00:00,2026-04-05T23:00:00,2026-07-11T23:00:00,active,,
M0653,P0653,A0653,MER0076|MER0059|MER0161,4081233,2026-04-12T10:00:00,2026-04-12T10:00:00,2026-10-21T10:00:00,active,,
M0654,P0654,A0654,MER0074|MER0088|MER0077|MER0138,1234966,2026-04-16T22:00:00,2026-04-16T22:00:00,2027-09-14T22:00:00,active,,2026-05-01T15:14:15.496078
M0655,P0655,A0655,MER0186|MER0008,1350125,2026-04-13T01:00:00,2026-04-13T01:00:00,2027-06-07T01:00:00,active,,2026-05-20T06:57:56.493682|2026-06-28T07:15:03.563164|2026-07-09T18:45:16.243045
M0656,P0656,A0656,MER0101|MER0031|MER0114,2951963,2026-04-12T12:00:00,2026-04-12T12:00:00,2027-03-02T12:00:00,active,,
M0657,P0657,A0657,MER0112|MER0162,14130794,2026-04-06T02:00:00,2026-04-06T02:00:00,2026-11-26T02:00:00,active,,2026-04-24T19:03:24.885859
M0658,P0658,A0658,MER0016|MER0004,1278207,2026-04-05T00:00:00,2026-04-05T00:00:00,2027-08-14T00:00:00,active,,
M0659,P0659,A0659,MER0101|MER0028|MER0029|MER0017,1335572,2026-04-07T13:00:00,2026-04-07T13:00:00,2026-11-14T13:00:00,active,,
M0660,P0660,A0660,MER0134|MER0073,9711366,2026-04-09T04:00:00,2026-04-09T04:00:00,2027-04-22T04:00:00,active,,2026-06-04T15:22:02.711728|2026-06-28T06:27:52.067324|2026-06-28T11:44:33.855102|2026-07-10T17:34:36.828495
M0661,P0661,A0661,MER0196|MER0017|MER0148,1859033,2026-04-09T09:00:00,2026-04-09T09:00:00,2027-01-04T09:00:00,active,,2026-06-27T18:30:40.860915|2026-06-28T02:18:33.979322
M0662,P0662,A0662,MER0058|MER0093,5878752,2026-04-10T11:00:00,2026-04-10T11:00:00,2027-08-06T11:00:00,active,,2026-05-05T16:26:23.706028|2026-05-09T07:31:48.949517|2026-05-19T17:26:17.145746
M0663,P0663,A0663,MER0002|MER0076|MER0081|MER0048,3843565,2026-04-05T04:00:00,2026-04-05T04:00:00,2027-03-27T04:00:00,active,,2026-04-07T13:24:18.214485|2026-04-15T10:35:07.033231|2026-06-28T05:38:57.970273|2026-07-03T20:11:01.395992
M0664,P0664,A0664,MER0035|MER0112|MER0189|MER0121,7489023,2026-04-23T20:00:00,2026-04-23T20:00:00,2027-08-07T20:00:00,active,,
M0665,P0665,A0665,MER0155|MER0127|MER0168,716237,2026-04-13T08:00:00,2026-04-13T08:00:00,2027-01-15T08:00:00,active,,2026-05-19T08:45:40.590877|2026-05-28T14:01:34.946475|2026-07-18T08:53:39.470838
M0666,P0666,A0666,MER0149|MER0148|MER0037,5372078,2026-04-09T00:00:00,2026-04-09T00:00:00,2027-05-08T00:00:00,active,,
M0667,P0667,A0667,MER0037|MER0140|MER0127,10014467,2026-04-04T04:00:00,2026-04-04T04:00:00,2027-09-04T04:00:00,active,,2026-04-07T02:01:16.817252|2026-04-30T13:19:06.795049
M0668,P0668,A0668,MER0071|MER0101,1118195,2026-04-09T02:00:00,2026-04-09T02:00:00,2026-12-26T02:00:00,active,,
M0669,P0669,A0669,MER0087|MER0064|MER0156,8823841,2026-04-23T23:00:00,2026-04-23T23:00:00,2027-05-30T23:00:00,active,,2026-05-29T14:07:29.443530
M0670,P0670,A0670,MER0093|MER0150,2870327,2026-04-22T19:00:00,2026-04-22T19:00:00,2027-07-11T19:00:00,active,,
M0671,P0671,A0671,MER0000|MER0090|MER0046,4394346,2026-04-14T17:00:00,2026-04-14T17:00:00,2027-08-23T17:00:00,active,,2026-05-22T04:56:15.774332|2026-06-11T09:06:25.553060
M0672,P0672,A0672,MER0031|MER0127|MER0185|MER0155,8611745,2026-04-05T02:00:00,2026-04-05T02:00:00,2027-05-03T02:00:00,active,,
M0673,P0673,A0673,MER0112|MER0153,4461342,2026-04-12T12:00:00,2026-04-12T12:00:00,2027-03-27T12:00:00,active,,
M0674,P0674,A0674,MER0185|MER0065|MER0196|MER0067,12719341,2026-04-11T08:00:00,2026-04-11T08:00:00,2026-10-17T08:00:00,active,,
M0675,P0675,A0675,MER0096|MER0027,1100299,2026-04-20T08:00:00,2026-04-20T08:00:00,2027-03-02T08:00:00,revoked,2026-06-23T08:00:00,
M0676,P0676,A0676,MER0037|MER0127|MER0017|MER0155,3650702,2026-04-10T15:00:00,2026-04-10T15:00:00,2027-03-23T15:00:00,active,,
M0677,P0677,A0677,MER0099|MER0112,2524045,2026-04-18T21:00:00,2026-04-18T21:00:00,2027-07-16T21:00:00,active,,
M0678,P0678,A0678,MER0191|MER0036|MER0083|MER0013,891801,2026-04-10T10:00:00,2026-04-10T10:00:00,2027-02-28T10:00:00,active,,2026-05-14T12:20:36.827926
M0679,P0679,A0679,MER0083|MER0007,13179585,2026-04-04T18:00:00,2026-04-04T18:00:00,2027-05-04T18:00:00,active,,2026-05-20T10:42:38.285787|2026-05-28T00:17:30.291614
M0680,P0680,A0680,MER0137|MER0089|MER0030|MER0079,674389,2026-04-17T18:00:00,2026-04-17T18:00:00,2027-08-20T18:00:00,active,,2026-04-20T12:19:21.797046|2026-05-22T07:43:05.110968
M0681,P0681,A0681,MER0170|MER0150|MER0104,1807444,2026-04-07T21:00:00,2026-04-07T21:00:00,2027-04-14T21:00:00,active,,
M0682,P0682,A0682,MER0128|MER0057|MER0113,1193792,2026-04-22T03:00:00,2026-04-22T03:00:00,2027-04-02T03:00:00,active,,
M0683,P0683,A0683,MER0047|MER0157,2867841,2026-04-05T05:00:00,2026-04-05T05:00:00,2026-11-23T05:00:00,active,,
M0684,P0684,A0684,MER0103|MER0102,752106,2026-04-13T06:00:00,2026-04-13T06:00:00,2026-11-14T06:00:00,active,,2026-04-30T23:43:06.783654|2026-05-27T00:24:23.458095|2026-06-22T13:35:38.729068|2026-07-12T02:49:00.141604
M0685,P0685,A0685,MER0048|MER0033|MER0077,3829633,2026-04-10T16:00:00,2026-04-10T16:00:00,2027-09-21T16:00:00,active,,2026-04-16T08:21:23.518752|2026-06-03T19:14:19.574629
M0686,P0686,A0686,MER0040|MER0160,1486044,2026-04-13T21:00:00,2026-04-13T21:00:00,2027-08-30T21:00:00,active,,2026-06-07T00:51:11.045126|2026-06-26T04:42:44.118771|2026-06-29T03:56:50.421132
M0687,P0687,A0687,MER0020|MER0068,7641109,2026-04-21T03:00:00,2026-04-21T03:00:00,2027-08-12T03:00:00,active,,2026-06-19T06:47:58.985416
M0688,P0688,A0688,MER0046|MER0140|MER0063|MER0037,2868998,2026-04-20T01:00:00,2026-04-20T01:00:00,2027-08-31T01:00:00,active,,
M0689,P0689,A0689,MER0053|MER0068|MER0197,2956517,2026-04-11T22:00:00,2026-04-11T22:00:00,2027-02-18T22:00:00,active,,
M0690,P0690,A0690,MER0148|MER0173,669705,2026-04-15T14:00:00,2026-04-15T14:00:00,2026-11-02T14:00:00,active,,2026-05-07T19:09:46.309348|2026-06-16T00:36:23.564033
M0691,P0691,A0691,MER0082|MER0189|MER0110,2732045,2026-04-15T06:00:00,2026-04-15T06:00:00,2027-08-28T06:00:00,active,,
M0692,P0692,A0692,MER0173|MER0005,1362265,2026-04-12T01:00:00,2026-04-12T01:00:00,2027-01-09T01:00:00,active,,2026-05-25T15:12:48.555191|2026-06-01T22:49:31.503033|2026-06-30T12:26:22.644735|2026-07-04T05:05:39.147099
M0693,P0693,A0693,MER0182|MER0086|MER0067,5059093,2026-04-06T16:00:00,2026-04-06T16:00:00,2026-10-03T16:00:00,active,,
M0694,P0694,A0694,MER0002|MER0085|MER0137,808341,2026-04-16T23:00:00,2026-04-16T23:00:00,2027-01-02T23:00:00,active,,2026-07-04T20:27:11.321042|2026-07-28T21:46:09.477860
M0695,P0695,A0695,MER0071|MER0143,5601551,2026-04-23T02:00:00,2026-04-23T02:00:00,2026-11-06T02:00:00,active,,2026-06-07T20:41:37.790935|2026-07-24T10:38:30.292386|2026-07-29T10:40:54.357583
M0696,P0696,A0696,MER0195|MER0007,3735914,2026-04-18T12:00:00,2026-04-18T12:00:00,2026-11-28T12:00:00,active,,2026-05-17T07:36:18.779405|2026-06-07T21:52:48.686747|2026-06-30T21:30:40.582260
M0697,P0697,A0697,MER0052|MER0082|MER0024|MER0128,616291,2026-04-15T02:00:00,2026-04-15T02:00:00,2027-05-21T02:00:00,active,,2026-06-16T05:16:45.068216
M0698,P0698,A0698,MER0014|MER0079|MER0081|MER0150,1879145,2026-04-09T18:00:00,2026-04-09T18:00:00,2027-02-22T18:00:00,active,,2026-04-15T16:36:10.460165|2026-06-12T19:54:49.579731|2026-07-10T12:13:52.883975|2026-07-31T06:48:39.883302
M0699,P0699,A0699,MER0168|MER0065|MER0017|MER0086,1638341,2026-04-14T06:00:00,2026-04-14T06:00:00,2027-06-01T06:00:00,active,,2026-05-24T23:25:37.962794|2026-06-13T05:01:47.239134|2026-06-24T17:17:17.694844
M0700,P0700,A0700,MER0195|MER0100|MER0125,1068825,2026-04-09T14:00:00,2026-04-09T14:00:00,2027-06-02T14:00:00,active,,
M0701,P0701,A0701,MER0159|MER0169|MER0125|MER0103,12940957,2026-04-16T06:00:00,2026-04-16T06:00:00,2026-12-22T06:00:00,active,,2026-06-03T13:56:14.051017|2026-06-12T20:48:49.392486|2026-06-27T16:27:03.330348|2026-07-19T16:08:49.508071
M0702,P0702,A0702,MER0037|MER0101|MER0177|MER0046,4197040,2026-04-21T09:00:00,2026-04-21T09:00:00,2027-01-31T09:00:00,active,,2026-06-13T07:57:54.832923|2026-06-15T18:35:31.805261|2026-07-19T10:44:06.852257|2026-07-30T10:12:33.983634
M0703,P0703,A0703,MER0094|MER0180,3005743,2026-04-10T00:00:00,2026-04-10T00:00:00,2027-03-27T00:00:00,active,,2026-05-25T05:39:13.951214|2026-06-11T10:14:07.810394|2026-06-23T13:43:31.498970
M0704,P0704,A0704,MER0185|MER0114,874699,2026-04-17T21:00:00,2026-04-17T21:00:00,2026-12-07T21:00:00,active,,
M0705,P0705,A0705,MER0059|MER0002|MER0160|MER0030,10521573,2026-04-18T10:00:00,2026-04-18T10:00:00,2027-10-05T10:00:00,active,,2026-05-10T23:15:04.421239|2026-05-20T14:39:50.409993|2026-06-24T03:45:02.080717|2026-07-26T10:13:58.847926
M0706,P0706,A0706,MER0006|MER0007,1355511,2026-04-12T08:00:00,2026-04-12T08:00:00,2027-09-22T08:00:00,active,,2026-05-29T07:44:10.507015
M0707,P0707,A0707,MER0140|MER0000|MER0090|MER0101,1356496,2026-04-16T00:00:00,2026-04-16T00:00:00,2027-05-20T00:00:00,active,,
M0708,P0708,A0708,MER0189|MER0020|MER0156|MER0019,1042843,2026-04-18T21:00:00,2026-04-18T21:00:00,2027-02-22T21:00:00,active,,
M0709,P0709,A0709,MER0028|MER0147|MER0196|MER0114,11673654,2026-04-18T02:00:00,2026-04-18T02:00:00,2027-06-21T02:00:00,active,,2026-04-27T15:05:19.306217|2026-06-14T02:06:46.098127|2026-07-02T16:25:00.428724
M0710,P0710,A0710,MER0039|MER0144|MER0123|MER0118,15118956,2026-04-11T15:00:00,2026-04-11T15:00:00,2026-10-25T15:00:00,active,,
M0711,P0711,A0711,MER0082|MER0198|MER0131,3731271,2026-04-06T01:00:00,2026-04-06T01:00:00,2027-08-02T01:00:00,active,,
M0712,P0712,A0712,MER0024|MER0158|MER0061,5253354,2026-04-17T18:00:00,2026-04-17T18:00:00,2027-04-30T18:00:00,active,,2026-05-15T01:59:52.606271
M0713,P0713,A0713,MER0163|MER0152|MER0055|MER0138,4866745,2026-04-12T11:00:00,2026-04-12T11:00:00,2027-08-12T11:00:00,active,,2026-04-21T19:57:46.159940|2026-07-28T00:45:55.577049
M0714,P0714,A0714,MER0067|MER0000|MER0133,1260368,2026-04-23T12:00:00,2026-04-23T12:00:00,2026-11-11T12:00:00,active,,2026-05-16T21:58:44.028654|2026-06-07T01:51:19.460837|2026-07-02T04:14:04.638074|2026-07-22T20:12:46.874914
M0715,P0715,A0715,MER0040|MER0038,1222829,2026-04-23T13:00:00,2026-04-23T13:00:00,2027-07-01T13:00:00,active,,
M0716,P0716,A0716,MER0165|MER0104|MER0195|MER0169,3397645,2026-04-07T03:00:00,2026-04-07T03:00:00,2027-02-23T03:00:00,active,,
M0717,P0717,A0717,MER0022|MER0077,3282823,2026-04-15T07:00:00,2026-04-15T07:00:00,2027-02-13T07:00:00,active,,
M0718,P0718,A0718,MER0048|MER0022,5181147,2026-04-21T12:00:00,2026-04-21T12:00:00,2027-06-03T12:00:00,active,,2026-06-09T06:54:40.960474|2026-06-27T03:01:49.703562|2026-07-28T14:04:36.837659
M0719,P0719,A0719,MER0043|MER0183|MER0020,937373,2026-04-10T13:00:00,2026-04-10T13:00:00,2026-12-14T13:00:00,active,,2026-04-18T04:49:26.324450|2026-04-24T01:22:22.372587|2026-07-08T00:27:50.451247
M0720,P0720,A0720,MER0188|MER0167|MER0003,4414164,2026-04-12T09:00:00,2026-04-12T09:00:00,2027-02-10T09:00:00,active,,
M0721,P0721,A0721,MER0146|MER0150|MER0069|MER0025,1605775,2026-04-09T01:00:00,2026-04-09T01:00:00,2027-08-23T01:00:00,active,,
M0722,P0722,A0722,MER0038|MER0161|MER0042|MER0014,5903937,2026-04-19T09:00:00,2026-04-19T09:00:00,2026-11-22T09:00:00,active,,2026-05-13T08:38:14.408661|2026-05-17T03:31:21.980829|2026-05-27T06:29:48.167576|2026-07-15T00:45:33.406901
M0723,P0723,A0723,MER0011|MER0093|MER0115,2598369,2026-04-03T13:00:00,2026-04-03T13:00:00,2027-04-09T13:00:00,active,,
M0724,P0724,A0724,MER0038|MER0150|MER0192|MER0161,1836429,2026-04-17T18:00:00,2026-04-17T18:00:00,2027-09-04T18:00:00,active,,
M0725,P0725,A0725,MER0026|MER0147|MER0005,2476170,2026-04-16T05:00:00,2026-04-16T05:00:00,2027-10-08T05:00:00,active,,2026-05-26T00:11:35.675192
M0726,P0726,A0726,MER0149|MER0101|MER0090,11372038,2026-04-21T15:00:00,2026-04-21T15:00:00,2027-03-24T15:00:00,active,,2026-05-31T05:37:30.890756|2026-06-30T11:17:02.596450|2026-07-01T03:35:56.212819|2026-07-18T17:46:54.219157
M0727,P0727,A0727,MER0190|MER0186|MER0049|MER0153,3743336,2026-04-13T06:00:00,2026-04-13T06:00:00,2027-04-03T06:00:00,active,,
M0728,P0728,A0728,MER0194|MER0078|MER0081,978947,2026-04-23T09:00:00,2026-04-23T09:00:00,2027-04-03T09:00:00,active,,
M0729,P0729,A0729,MER0062|MER0101|MER0176,7865488,2026-04-16T18:00:00,2026-04-16T18:00:00,2027-05-18T18:00:00,active,,2026-06-29T00:35:49.536022|2026-07-10T23:39:21.406414
M0730,P0730,A0730,MER0103|MER0169|MER0170|MER0093,9160416,2026-04-10T06:00:00,2026-04-10T06:00:00,2027-01-03T06:00:00,active,,
M0731,P0731,A0731,MER0067|MER0063|MER0101|MER0056,1476982,2026-04-24T08:00:00,2026-04-24T08:00:00,2027-05-09T08:00:00,active,,2026-05-09T12:40:45.581344|2026-05-19T19:54:11.146576|2026-06-16T11:05:14.122370|2026-06-23T02:43:48.670828
M0732,P0732,A0732,MER0140|MER0000|MER0026|MER0062,767341,2026-04-12T08:00:00,2026-04-12T08:00:00,2027-07-17T08:00:00,active,,2026-04-18T21:23:52.054133|2026-05-05T01:04:51.886114|2026-05-29T22:52:56.238526|2026-07-29T08:07:06.479191
M0733,P0733,A0733,MER0153|MER0136,1984746,2026-04-15T21:00:00,2026-04-15T21:00:00,2027-01-12T21:00:00,active,,
M0734,P0734,A0734,MER0014|MER0079,1137779,2026-04-07T12:00:00,2026-04-07T12:00:00,2026-12-08T12:00:00,active,,
M0735,P0735,A0735,MER0080|MER0020|MER0184,2822631,2026-04-04T01:00:00,2026-04-04T01:00:00,2027-08-16T01:00:00,active,,2026-05-02T00:12:40.448178|2026-06-16T09:13:11.349053
M0736,P0736,A0736,MER0180|MER0120|MER0091,9046181,2026-04-07T02:00:00,2026-04-07T02:00:00,2027-03-15T02:00:00,active,,2026-04-18T11:27:44.375359|2026-05-01T05:47:39.652648|2026-06-17T08:11:15.328295|2026-07-25T21:26:20.391638
M0737,P0737,A0737,MER0099|MER0156|MER0044|MER0039,2996522,2026-04-11T03:00:00,2026-04-11T03:00:00,2027-05-31T03:00:00,active,,
M0738,P0738,A0738,MER0030|MER0002|MER0074,812510,2026-04-13T04:00:00,2026-04-13T04:00:00,2027-08-13T04:00:00,active,,2026-04-23T00:32:11.683237|2026-04-25T00:09:00.945022
M0739,P0739,A0739,MER0139|MER0052|MER0124,1222358,2026-04-23T01:00:00,2026-04-23T01:00:00,2027-03-08T01:00:00,active,,
M0740,P0740,A0740,MER0101|MER0096|MER0005|MER0168,743157,2026-04-20T16:00:00,2026-04-20T16:00:00,2027-05-31T16:00:00,active,,2026-06-21T08:42:41.040672
M0741,P0741,A0741,MER0123|MER0054|MER0129|MER0080,1043757,2026-04-09T21:00:00,2026-04-09T21:00:00,2027-02-23T21:00:00,active,,2026-05-23T08:56:44.277223|2026-07-18T04:20:23.148642
M0742,P0742,A0742,MER0174|MER0075|MER0014|MER0138,12767017,2026-04-04T01:00:00,2026-04-04T01:00:00,2027-04-03T01:00:00,active,,2026-04-15T12:12:22.398229|2026-05-01T18:47:15.345439|2026-05-04T20:49:53.223859|2026-07-20T10:00:00.011345
M0743,P0743,A0743,MER0155|MER0046|MER0065,3466717,2026-04-22T18:00:00,2026-04-22T18:00:00,2027-07-17T18:00:00,active,,
M0744,P0744,A0744,MER0017|MER0065|MER0027,6508403,2026-04-08T06:00:00,2026-04-08T06:00:00,2027-07-15T06:00:00,revoked,2026-05-23T06:00:00,2026-04-22T03:34:09.723250|2026-04-29T04:28:28.120752|2026-05-17T00:34:34.561544
M0745,P0745,A0745,MER0065|MER0143,2430411,2026-04-12T11:00:00,2026-04-12T11:00:00,2027-02-04T11:00:00,active,,
M0746,P0746,A0746,MER0057|MER0108|MER0180|MER0153,7752777,2026-04-16T11:00:00,2026-04-16T11:00:00,2027-01-21T11:00:00,active,,2026-05-15T16:59:28.344450
M0747,P0747,A0747,MER0036|MER0145|MER0170|MER0104,1591758,2026-04-08T10:00:00,2026-04-08T10:00:00,2027-01-08T10:00:00,active,,2026-06-06T09:55:22.458897|2026-07-05T00:20:24.713442
M0748,P0748,A0748,MER0160|MER0013|MER0115|MER0040,3390357,2026-04-08T04:00:00,2026-04-08T04:00:00,2026-12-11T04:00:00,active,,
M0749,P0749,A0749,MER0071|MER0149|MER0067|MER0056,2127836,2026-04-07T22:00:00,2026-04-07T22:00:00,2027-08-27T22:00:00,active,,2026-04-24T09:50:02.525753|2026-05-11T15:47:09.702527|2026-06-03T18:31:15.720630|2026-06-08T05:03:05.005303
M0750,P0750,A0750,MER0177|MER0140|MER0176|MER0149,730872,2026-04-24T10:00:00,2026-04-24T10:00:00,2027-08-27T10:00:00,active,,
M0751,P0751,A0751,MER0176|MER0143|MER0046,1992296,2026-04-20T08:00:00,2026-04-20T08:00:00,2026-11-04T08:00:00,active,,
M0752,P0752,A0752,MER0029|MER0143|MER0133,4534384,2026-04-15T20:00:00,2026-04-15T20:00:00,2027-03-22T20:00:00,active,,
M0753,P0753,A0753,MER0195|MER0042|MER0138,1306867,2026-04-23T00:00:00,2026-04-23T00:00:00,2027-03-23T00:00:00,active,,2026-05-19T00:56:16.111845|2026-07-22T11:06:17.617133
M0754,P0754,A0754,MER0149|MER0127|MER0063,3305798,2026-04-17T09:00:00,2026-04-17T09:00:00,2026-11-09T09:00:00,active,,2026-05-19T02:21:48.757646
M0755,P0755,A0755,MER0145|MER0107|MER0134,5591516,2026-04-06T15:00:00,2026-04-06T15:00:00,2027-06-22T15:00:00,active,,2026-04-15T10:00:20.208751|2026-05-13T07:32:35.874771|2026-05-15T17:48:30.759562|2026-06-04T21:32:25.640999
M0756,P0756,A0756,MER0042|MER0171,1879446,2026-04-11T04:00:00,2026-04-11T04:00:00,2027-01-27T04:00:00,active,,2026-05-26T13:00:28.161099|2026-06-01T19:10:05.388412|2026-06-19T13:28:47.471729|2026-07-09T00:04:10.201664
M0757,P0757,A0757,MER0017|MER0176|MER0196,9880498,2026-04-07T05:00:00,2026-04-07T05:00:00,2027-05-13T05:00:00,active,,2026-07-31T01:17:29.167965
M0758,P0758,A0758,MER0097|MER0137|MER0195,10317533,2026-04-11T10:00:00,2026-04-11T10:00:00,2027-01-16T10:00:00,active,,2026-04-13T17:58:58.423492|2026-04-17T06:11:43.548566|2026-04-27T00:58:00.980340|2026-05-06T15:25:37.637005
M0759,P0759,A0759,MER0062|MER0143|MER0037|MER0147,3050772,2026-04-21T13:00:00,2026-04-21T13:00:00,2026-06-04T13:00:00,active,,2026-05-03T23:00:14.164599
M0760,P0760,A0760,MER0065|MER0149,1116211,2026-04-09T20:00:00,2026-04-09T20:00:00,2026-11-15T20:00:00,active,,
M0761,P0761,A0761,MER0127|MER0155|MER0070|MER0185,924472,2026-04-21T12:00:00,2026-04-21T12:00:00,2027-04-05T12:00:00,active,,2026-06-28T06:36:16.081020|2026-07-15T00:51:38.777741
M0762,P0762,A0762,MER0105|MER0190|MER0092|MER0084,8759709,2026-04-04T04:00:00,2026-04-04T04:00:00,2027-03-18T04:00:00,active,,2026-04-11T04:00:45.682566|2026-05-05T07:27:34.253564|2026-06-13T09:28:24.629321|2026-07-07T23:06:00.096636
M0763,P0763,A0763,MER0072|MER0075|MER0145|MER0045,12599055,2026-04-07T21:00:00,2026-04-07T21:00:00,2027-04-07T21:00:00,active,,2026-05-06T12:27:50.768500|2026-05-12T23:17:42.985556|2026-06-18T21:41:13.493792
M0764,P0764,A0764,MER0112|MER0023,7077677,2026-04-17T02:00:00,2026-04-17T02:00:00,2026-12-31T02:00:00,active,,
M0765,P0765,A0765,MER0029|MER0090|MER0067,4118626,2026-04-19T08:00:00,2026-04-19T08:00:00,2027-05-06T08:00:00,active,,2026-05-19T13:16:21.588170|2026-06-21T14:40:55.302755
M0766,P0766,A0766,MER0048|MER0187|MER0093,5600202,2026-04-22T01:00:00,2026-04-22T01:00:00,2026-12-09T01:00:00,active,,
M0767,P0767,A0767,MER0169|MER0130,14835897,2026-04-18T06:00:00,2026-04-18T06:00:00,2027-10-07T06:00:00,active,,
M0768,P0768,A0768,MER0055|MER0010|MER0040,1211938,2026-04-13T00:00:00,2026-04-13T00:00:00,2027-10-03T00:00:00,active,,
M0769,P0769,A0769,MER0088|MER0097,5918268,2026-04-06T03:00:00,2026-04-06T03:00:00,2026-11-14T03:00:00,active,,
M0770,P0770,A0770,MER0115|MER0152,2511377,2026-04-06T18:00:00,2026-04-06T18:00:00,2027-08-14T18:00:00,active,,2026-04-23T16:34:48.611571|2026-05-30T22:02:56.130608|2026-07-14T18:36:41.087814
M0771,P0771,A0771,MER0161|MER0025|MER0159|MER0191,3096092,2026-04-11T21:00:00,2026-04-11T21:00:00,2027-04-27T21:00:00,active,,
M0772,P0772,A0772,MER0141|MER0120|MER0162,3683117,2026-04-12T19:00:00,2026-04-12T19:00:00,2027-05-02T19:00:00,active,,
M0773,P0773,A0773,MER0096|MER0063|MER0067|MER0149,1317989,2026-04-08T22:00:00,2026-04-08T22:00:00,2026-11-14T22:00:00,revoked,2026-07-13T22:00:00,2026-07-13T17:57:16.726844
M0774,P0774,A0774,MER0016|MER0081,1026542,2026-04-14T21:00:00,2026-04-14T21:00:00,2027-02-10T21:00:00,active,,2026-07-24T08:54:52.407666
M0775,P0775,A0775,MER0180|MER0189|MER0110|MER0080,1230178,2026-04-19T18:00:00,2026-04-19T18:00:00,2027-01-04T18:00:00,active,,2026-04-23T22:49:01.365634
M0776,P0776,A0776,MER0056|MER0168|MER0149,2810519,2026-04-16T22:00:00,2026-04-16T22:00:00,2027-05-31T22:00:00,active,,2026-06-26T01:10:48.477708|2026-07-05T19:48:56.016899|2026-07-18T01:41:50.405686|2026-07-27T12:19:26.716800
M0777,P0777,A0777,MER0050|MER0076,1557929,2026-04-16T06:00:00,2026-04-16T06:00:00,2027-04-02T06:00:00,active,,
M0778,P0778,A0778,MER0191|MER0159|MER0079|MER0060,3789485,2026-04-09T03:00:00,2026-04-09T03:00:00,2026-10-10T03:00:00,active,,
M0779,P0779,A0779,MER0118|MER0001|MER0041,965445,2026-04-19T09:00:00,2026-04-19T09:00:00,2026-12-30T09:00:00,active,,
M0780,P0780,A0780,MER0158|MER0105|MER0167|MER0128,1648769,2026-04-20T14:00:00,2026-04-20T14:00:00,2027-08-26T14:00:00,active,,
M0781,P0781,A0781,MER0144|MER0189,1595473,2026-04-20T19:00:00,2026-04-20T19:00:00,2027-06-07T19:00:00,revoked,2026-06-20T19:00:00,2026-05-20T06:18:19.070832
M0782,P0782,A0782,MER0185|MER0065|MER0096,4702505,2026-04-21T15:00:00,2026-04-21T15:00:00,2027-03-20T15:00:00,active,,
M0783,P0783,A0783,MER0178|MER0076|MER0115|MER0077,2106730,2026-04-04T10:00:00,2026-04-04T10:00:00,2027-01-22T10:00:00,active,,2026-04-05T16:19:08.983226|2026-04-11T00:07:14.267767|2026-04-14T07:42:17.425226|2026-07-08T09:37:15.405360
M0784,P0784,A0784,MER0132|MER0008|MER0158|MER0111,4899198,2026-04-23T19:00:00,2026-04-23T19:00:00,2027-08-13T19:00:00,active,,
M0785,P0785,A0785,MER0067|MER0133,2217147,2026-04-21T23:00:00,2026-04-21T23:00:00,2027-07-24T23:00:00,active,,2026-04-25T00:39:29.344533|2026-04-30T22:13:28.341114|2026-06-26T15:25:23.353460|2026-07-26T14:47:18.744441
M0786,P0786,A0786,MER0077|MER0050|MER0083|MER0076,5717448,2026-04-16T11:00:00,2026-04-16T11:00:00,2027-01-25T11:00:00,active,,2026-05-19T22:55:15.271568|2026-06-13T09:38:42.879233|2026-06-14T01:40:31.018916
M0787,P0787,A0787,MER0045|MER0036,1253433,2026-04-03T16:00:00,2026-04-03T16:00:00,2027-02-15T16:00:00,active,,2026-05-14T11:53:04.214471|2026-06-02T17:18:41.134006|2026-06-06T17:57:51.205197|2026-07-12T05:15:42.345419
M0788,P0788,A0788,MER0154|MER0198,11538426,2026-04-11T06:00:00,2026-04-11T06:00:00,2026-11-24T06:00:00,active,,2026-05-09T18:43:42.299056|2026-06-11T05:36:13.535120
M0789,P0789,A0789,MER0022|MER0014|MER0048|MER0042,12484279,2026-04-13T11:00:00,2026-04-13T11:00:00,2027-09-28T11:00:00,active,,2026-04-17T16:12:48.120765|2026-07-09T01:35:18.595188|2026-07-15T15:17:17.289217
M0790,P0790,A0790,MER0173|MER0140,7564951,2026-04-09T11:00:00,2026-04-09T11:00:00,2027-08-28T11:00:00,active,,
M0791,P0791,A0791,MER0087|MER0157,11715339,2026-04-21T06:00:00,2026-04-21T06:00:00,2027-09-11T06:00:00,active,,
M0792,P0792,A0792,MER0059|MER0002|MER0175,15139844,2026-04-14T02:00:00,2026-04-14T02:00:00,2027-04-19T02:00:00,active,,2026-07-27T19:53:27.664955
M0793,P0793,A0793,MER0031|MER0028,1151312,2026-04-23T10:00:00,2026-04-23T10:00:00,2026-12-18T10:00:00,active,,2026-05-06T03:39:32.982874|2026-07-10T11:00:57.293606|2026-07-12T21:04:13.886221
M0794,P0794,A0794,MER0092|MER0111|MER0172,1233869,2026-04-16T19:00:00,2026-04-16T19:00:00,2026-12-06T19:00:00,revoked,2026-06-14T19:00:00,
M0795,P0795,A0795,MER0077|MER0106|MER0045|MER0079,957800,2026-04-14T03:00:00,2026-04-14T03:00:00,2027-07-09T03:00:00,active,,2026-04-17T22:08:51.021162|2026-05-15T15:16:42.948377|2026-05-28T15:50:39.905898
M0796,P0796,A0796,MER0022|MER0040|MER0165|MER0191,8267290,2026-04-22T07:00:00,2026-04-22T07:00:00,2026-12-06T07:00:00,active,,
M0797,P0797,A0797,MER0056|MER0185,14071569,2026-04-10T14:00:00,2026-04-10T14:00:00,2027-02-02T14:00:00,revoked,2026-06-08T14:00:00,
M0798,P0798,A0798,MER0034|MER0180|MER0186|MER0179,9470666,2026-04-13T12:00:00,2026-04-13T12:00:00,2026-11-30T12:00:00,active,,
M0799,P0799,A0799,MER0126|MER0022|MER0097,621678,2026-04-13T00:00:00,2026-04-13T00:00:00,2026-11-14T00:00:00,active,,
M0800,P0800,A0800,MER0150|MER0011,3290224,2026-04-19T00:00:00,2026-04-19T00:00:00,2026-12-09T00:00:00,active,,
M0801,P0801,A0801,MER0034|MER0117,2572622,2026-04-08T12:00:00,2026-04-08T12:00:00,2027-07-23T12:00:00,active,,2026-06-01T15:29:45.989222
M0802,P0802,A0802,MER0047|MER0054|MER0162|MER0091,5218418,2026-04-16T01:00:00,2026-04-16T01:00:00,2027-03-01T01:00:00,active,,
M0803,P0803,A0803,MER0170|MER0074|MER0013,1649343,2026-04-16T14:00:00,2026-04-16T14:00:00,2027-04-29T14:00:00,active,,2026-05-01T21:15:01.761766|2026-05-30T19:05:18.263387|2026-07-28T19:46:41.390954
M0804,P0804,A0804,MER0099|MER0092|MER0198,1078356,2026-04-07T22:00:00,2026-04-07T22:00:00,2027-08-31T22:00:00,active,,2026-05-25T03:34:15.671603
M0805,P0805,A0805,MER0076|MER0038|MER0175|MER0058,923210,2026-04-24T14:00:00,2026-04-24T14:00:00,2027-09-29T14:00:00,active,,
M0806,P0806,A0806,MER0011|MER0016,951980,2026-04-15T09:00:00,2026-04-15T09:00:00,2027-03-02T09:00:00,active,,
M0807,P0807,A0807,MER0043|MER0003,2231337,2026-04-16T07:00:00,2026-04-16T07:00:00,2027-05-29T07:00:00,active,,
M0808,P0808,A0808,MER0093|MER0125|MER0106,1404687,2026-04-20T20:00:00,2026-04-20T20:00:00,2027-09-21T20:00:00,active,,
M0809,P0809,A0809,MER0102|MER0059|MER0075,7460068,2026-04-19T08:00:00,2026-04-19T08:00:00,2027-05-27T08:00:00,revoked,2026-05-29T08:00:00,2026-04-22T17:28:28.937164|2026-05-25T00:02:41.069772
M0810,P0810,A0810,MER0142|MER0165|MER0083|MER0066,1843255,2026-04-16T08:00:00,2026-04-16T08:00:00,2026-12-24T08:00:00,active,,2026-06-06T00:32:58.543388
M0811,P0811,A0811,MER0189|MER0144,13181078,2026-04-14T20:00:00,2026-04-14T20:00:00,2027-05-29T20:00:00,active,,
M0812,P0812,A0812,MER0071|MER0046|MER0155,7333624,2026-04-11T05:00:00,2026-04-11T05:00:00,2026-10-16T05:00:00,active,,
M0813,P0813,A0813,MER0182|MER0173,3948111,2026-04-23T10:00:00,2026-04-23T10:00:00,2027-04-27T10:00:00,active,,
M0814,P0814,A0814,MER0176|MER0090|MER0140|MER0005,2915617,2026-04-06T13:00:00,2026-04-06T13:00:00,2026-11-26T13:00:00,active,,2026-06-23T09:54:48.674138|2026-07-03T16:21:14.047007
M0815,P0815,A0815,MER0186|MER0167|MER0061|MER0157,2882421,2026-04-19T01:00:00,2026-04-19T01:00:00,2026-10-26T01:00:00,active,,
M0816,P0816,A0816,MER0184|MER0118|MER0001,7553658,2026-04-18T13:00:00,2026-04-18T13:00:00,2027-03-20T13:00:00,active,,2026-06-18T22:04:03.014925|2026-06-23T07:30:35.607119|2026-06-27T12:50:07.036790
M0817,P0817,A0817,MER0184|MER0120|MER0039|MER0123,2957305,2026-04-19T16:00:00,2026-04-19T16:00:00,2027-02-18T16:00:00,active,,
M0818,P0818,A0818,MER0067|MER0177|MER0101,4661506,2026-04-18T15:00:00,2026-04-18T15:00:00,2026-06-01T15:00:00,active,,2026-04-29T13:42:22.227742|2026-05-26T21:16:52.340926
M0819,P0819,A0819,MER0125|MER0166|MER0016,4216951,2026-04-07T20:00:00,2026-04-07T20:00:00,2027-07-11T20:00:00,active,,2026-04-19T20:59:54.675605|2026-05-03T17:44:06.613063
M0820,P0820,A0820,MER0196|MER0143,13174057,2026-04-06T18:00:00,2026-04-06T18:00:00,2027-05-21T18:00:00,active,,2026-04-18T12:05:16.919060|2026-06-17T02:29:46.818547
M0821,P0821,A0821,MER0177|MER0067|MER0009|MER0155,2037631,2026-04-12T11:00:00,2026-04-12T11:00:00,2027-09-30T11:00:00,active,,
M0822,P0822,A0822,MER0143|MER0101,6189703,2026-04-06T06:00:00,2026-04-06T06:00:00,2027-01-28T06:00:00,active,,2026-06-10T05:21:06.258023|2026-06-26T08:00:22.568834|2026-07-02T21:11:00.926785|2026-07-23T17:38:50.362014
M0823,P0823,A0823,MER0025|MER0194,9508959,2026-04-21T02:00:00,2026-04-21T02:00:00,2027-01-24T02:00:00,active,,2026-07-04T07:51:23.562287
M0824,P0824,A0824,MER0060|MER0038,892877,2026-04-13T06:00:00,2026-04-13T06:00:00,2027-05-28T06:00:00,active,,2026-07-01T15:07:40.961344
M0825,P0825,A0825,MER0121|MER0110,9592962,2026-04-16T10:00:00,2026-04-16T10:00:00,2027-01-02T10:00:00,active,,2026-04-21T02:31:34.881943|2026-05-05T19:14:28.572149|2026-07-14T22:07:38.754787
M0826,P0826,A0826,MER0027|MER0046,7416635,2026-04-09T05:00:00,2026-04-09T05:00:00,2026-11-30T05:00:00,active,,
M0827,P0827,A0827,MER0163|MER0171|MER0165,10800913,2026-04-22T14:00:00,2026-04-22T14:00:00,2027-06-07T14:00:00,active,,
M0828,P0828,A0828,MER0184|MER0082|MER0141|MER0135,10199088,2026-04-09T16:00:00,2026-04-09T16:00:00,2027-05-21T16:00:00,active,,2026-07-09T01:50:09.880399|2026-07-23T09:39:39.056402
M0829,P0829,A0829,MER0116|MER0083,1101425,2026-04-16T11:00:00,2026-04-16T11:00:00,2026-11-28T11:00:00,active,,2026-05-11T13:56:21.536899|2026-07-21T01:05:38.285983
M0830,P0830,A0830,MER0043|MER0183|MER0154|MER0128,860550,2026-04-24T14:00:00,2026-04-24T14:00:00,2026-12-29T14:00:00,revoked,2026-06-14T14:00:00,2026-05-07T14:34:46.174579|2026-06-04T12:43:53.305041
M0831,P0831,A0831,MER0191|MER0169|MER0016|MER0074,3889758,2026-04-21T12:00:00,2026-04-21T12:00:00,2027-07-13T12:00:00,active,,2026-04-26T21:38:40.378657|2026-06-16T09:22:40.195152|2026-07-14T07:27:51.329819
M0832,P0832,A0832,MER0031|MER0065,6230356,2026-04-23T06:00:00,2026-04-23T06:00:00,2027-09-04T06:00:00,active,,2026-07-05T13:10:01.534398
M0833,P0833,A0833,MER0046|MER0071|MER0101,2702626,2026-04-03T03:00:00,2026-04-03T03:00:00,2026-10-13T03:00:00,active,,
M0834,P0834,A0834,MER0034|MER0113,2749845,2026-04-10T00:00:00,2026-04-10T00:00:00,2027-08-02T00:00:00,active,,
M0835,P0835,A0835,MER0148|MER0177,7023511,2026-04-24T00:00:00,2026-04-24T00:00:00,2027-09-08T00:00:00,active,,
M0836,P0836,A0836,MER0120|MER0112,3959964,2026-04-16T20:00:00,2026-04-16T20:00:00,2027-06-28T20:00:00,active,,
M0837,P0837,A0837,MER0027|MER0177,1206463,2026-04-08T15:00:00,2026-04-08T15:00:00,2027-07-08T15:00:00,active,,2026-04-26T15:21:55.792087
M0838,P0838,A0838,MER0009|MER0096|MER0133|MER0155,8561273,2026-04-05T09:00:00,2026-04-05T09:00:00,2026-10-15T09:00:00,revoked,2026-05-18T09:00:00,2026-04-22T05:55:08.053246|2026-05-03T02:45:40.538055|2026-05-13T13:52:44.808572
M0839,P0839,A0839,MER0163|MER0079|MER0165,2271745,2026-04-08T02:00:00,2026-04-08T02:00:00,2026-12-06T02:00:00,active,,2026-05-20T20:15:49.665968|2026-06-05T21:40:59.283809|2026-07-30T00:41:25.319217
M0840,P0840,A0840,MER0088|MER0050|MER0175,617996,2026-04-16T23:00:00,2026-04-16T23:00:00,2026-11-02T23:00:00,active,,2026-05-13T04:46:56.780636|2026-06-20T04:17:54.034305
M0841,P0841,A0841,MER0144|MER0199|MER0120|MER0008,10673383,2026-04-23T17:00:00,2026-04-23T17:00:00,2027-07-16T17:00:00,active,,2026-07-12T07:17:21.230925|2026-07-18T12:04:16.044349|2026-07-24T15:58:55.151479
M0842,P0842,A0842,MER0029|MER0182|MER0176|MER0000,3809788,2026-04-12T17:00:00,2026-04-12T17:00:00,2027-09-03T17:00:00,active,,
M0843,P0843,A0843,MER0176|MER0062,13863272,2026-04-16T22:00:00,2026-04-16T22:00:00,2027-07-10T22:00:00,active,,2026-04-24T19:08:13.190555|2026-05-04T04:14:58.390244
M0844,P0844,A0844,MER0199|MER0109|MER0054,6593208,2026-04-20T13:00:00,2026-04-20T13:00:00,2027-09-23T13:00:00,active,,2026-04-23T15:11:58.288824|2026-07-19T08:46:38.575730
M0845,P0845,A0845,MER0122|MER0167,10100113,2026-04-16T14:00:00,2026-04-16T14:00:00,2027-02-18T14:00:00,active,,
M0846,P0846,A0846,MER0133|MER0046|MER0114,1308842,2026-04-14T19:00:00,2026-04-14T19:00:00,2026-11-01T19:00:00,active,,
M0847,P0847,A0847,MER0122|MER0118|MER0179|MER0061,949809,2026-04-12T13:00:00,2026-04-12T13:00:00,2026-10-20T13:00:00,active,,2026-05-14T00:55:28.113533|2026-05-15T05:12:41.770051|2026-05-28T08:40:38.255456
M0848,P0848,A0848,MER0158|MER0008|MER0084|MER0041,803993,2026-04-14T16:00:00,2026-04-14T16:00:00,2027-06-24T16:00:00,active,,
M0849,P0849,A0849,MER0031|MER0149|MER0017,1010908,2026-04-13T03:00:00,2026-04-13T03:00:00,2027-09-02T03:00:00,revoked,2026-07-16T03:00:00,2026-05-03T13:20:51.991343|2026-07-08T08:35:47.561996
M0850,P0850,A0850,MER0176|MER0070,5667501,2026-04-21T21:00:00,2026-04-21T21:00:00,2026-12-19T21:00:00,active,,2026-05-01T21:08:17.897896|2026-07-12T11:16:30.633485
M0851,P0851,A0851,MER0144|MER0167|MER0151|MER0044,822211,2026-04-20T04:00:00,2026-04-20T04:00:00,2027-01-26T04:00:00,active,,2026-05-04T18:31:46.834469|2026-06-09T22:00:59.328679
M0852,P0852,A0852,MER0084|MER0020|MER0131,9944670,2026-04-05T23:00:00,2026-04-05T23:00:00,2026-11-13T23:00:00,active,,
M0853,P0853,A0853,MER0113|MER0124|MER0039,14402430,2026-04-18T09:00:00,2026-04-18T09:00:00,2027-07-24T09:00:00,active,,2026-04-20T11:22:51.753071
M0854,P0854,A0854,MER0007|MER0181,6973788,2026-04-06T22:00:00,2026-04-06T22:00:00,2026-11-29T22:00:00,active,,
M0855,P0855,A0855,MER0092|MER0123,13138775,2026-04-14T07:00:00,2026-04-14T07:00:00,2027-06-22T07:00:00,active,,2026-07-27T01:13:35.370867
M0856,P0856,A0856,MER0063|MER0140,3903126,2026-04-15T16:00:00,2026-04-15T16:00:00,2026-12-19T16:00:00,active,,2026-07-11T08:51:31.068471
M0857,P0857,A0857,MER0186|MER0108|MER0041|MER0179,5412981,2026-04-12T15:00:00,2026-04-12T15:00:00,2027-07-07T15:00:00,active,,
M0858,P0858,A0858,MER0131|MER0064,659883,2026-04-09T23:00:00,2026-04-09T23:00:00,2027-01-24T23:00:00,active,,2026-05-07T20:30:09.841268
M0859,P0859,A0859,MER0101|MER0143|MER0026,5779283,2026-04-05T17:00:00,2026-04-05T17:00:00,2027-09-23T17:00:00,active,,
M0860,P0860,A0860,MER0166|MER0125|MER0011|MER0103,9960050,2026-04-23T02:00:00,2026-04-23T02:00:00,2027-04-10T02:00:00,active,,
M0861,P0861,A0861,MER0009|MER0176|MER0028,7314972,2026-04-08T00:00:00,2026-04-08T00:00:00,2026-10-14T00:00:00,active,,
M0862,P0862,A0862,MER0066|MER0103|MER0107|MER0115,10123643,2026-04-22T06:00:00,2026-04-22T06:00:00,2026-11-01T06:00:00,active,,
M0863,P0863,A0863,MER0069|MER0025|MER0055,10446812,2026-04-09T17:00:00,2026-04-09T17:00:00,2027-04-06T17:00:00,revoked,2026-06-15T17:00:00,2026-04-17T21:17:51.045135|2026-05-09T12:00:17.606291
M0864,P0864,A0864,MER0135|MER0183|MER0051,15118497,2026-04-22T14:00:00,2026-04-22T14:00:00,2027-03-03T14:00:00,active,,
M0865,P0865,A0865,MER0085|MER0170,10803926,2026-04-04T10:00:00,2026-04-04T10:00:00,2027-01-08T10:00:00,active,,2026-04-30T05:11:08.825350|2026-05-23T02:08:23.825753
M0866,P0866,A0866,MER0198|MER0044|MER0021,11620012,2026-04-07T19:00:00,2026-04-07T19:00:00,2027-09-22T19:00:00,active,,
M0867,P0867,A0867,MER0104|MER0174|MER0178|MER0014,9129202,2026-04-12T19:00:00,2026-04-12T19:00:00,2026-10-17T19:00:00,active,,2026-05-01T20:12:44.358487|2026-06-16T07:51:50.630964|2026-07-05T05:16:05.356314
M0868,P0868,A0868,MER0199|MER0132|MER0186|MER0123,9404867,2026-04-13T12:00:00,2026-04-13T12:00:00,2027-08-13T12:00:00,active,,
M0869,P0869,A0869,MER0176|MER0086,5445371,2026-04-08T11:00:00,2026-04-08T11:00:00,2027-07-28T11:00:00,active,,
M0870,P0870,A0870,MER0097|MER0174,3751314,2026-04-06T19:00:00,2026-04-06T19:00:00,2027-06-16T19:00:00,active,,
M0871,P0871,A0871,MER0059|MER0030,709349,2026-04-08T15:00:00,2026-04-08T15:00:00,2026-12-16T15:00:00,active,,2026-05-25T17:00:19.479689
M0872,P0872,A0872,MER0183|MER0153,5126917,2026-04-08T02:00:00,2026-04-08T02:00:00,2027-05-27T02:00:00,active,,
M0873,P0873,A0873,MER0137|MER0055|MER0069|MER0088,4210992,2026-04-21T23:00:00,2026-04-21T23:00:00,2027-08-24T23:00:00,active,,
M0874,P0874,A0874,MER0092|MER0164|MER0049,5561916,2026-04-20T02:00:00,2026-04-20T02:00:00,2027-03-11T02:00:00,active,,
M0875,P0875,A0875,MER0029|MER0037|MER0185|MER0147,12639226,2026-04-13T02:00:00,2026-04-13T02:00:00,2026-12-24T02:00:00,active,,
M0876,P0876,A0876,MER0051|MER0136|MER0099|MER0035,4977290,2026-04-21T01:00:00,2026-04-21T01:00:00,2027-04-12T01:00:00,active,,2026-04-23T12:50:21.971627|2026-06-09T05:37:47.227640
M0877,P0877,A0877,MER0037|MER0062,9118688,2026-04-19T21:00:00,2026-04-19T21:00:00,2026-12-16T21:00:00,active,,2026-05-06T01:38:04.528318|2026-05-31T12:56:43.304319|2026-06-19T19:28:20.087427
M0878,P0878,A0878,MER0071|MER0009|MER0005|MER0046,2647292,2026-04-18T15:00:00,2026-04-18T15:00:00,2027-09-21T15:00:00,active,,2026-05-01T15:41:23.687915|2026-05-29T17:18:56.530569|2026-07-22T01:56:31.413089|2026-07-31T11:09:08.325500
M0879,P0879,A0879,MER0062|MER0026|MER0027|MER0101,1349700,2026-04-03T04:00:00,2026-04-03T04:00:00,2027-04-10T04:00:00,active,,
M0880,P0880,A0880,MER0086|MER0026,4711096,2026-04-13T04:00:00,2026-04-13T04:00:00,2027-01-08T04:00:00,active,,2026-04-19T14:22:31.643768|2026-05-23T22:47:30.699687|2026-06-20T21:07:34.087803|2026-06-22T12:15:13.603565
M0881,P0881,A0881,MER0099|MER0008|MER0157,6461021,2026-04-18T05:00:00,2026-04-18T05:00:00,2027-05-03T05:00:00,active,,
M0882,P0882,A0882,MER0140|MER0143,10288911,2026-04-08T15:00:00,2026-04-08T15:00:00,2026-10-14T15:00:00,active,,2026-06-30T13:10:04.473783|2026-07-11T23:07:42.058511|2026-07-22T21:42:43.123298|2026-07-22T22:25:12.834156
M0883,P0883,A0883,MER0191|MER0014|MER0077|MER0006,5203353,2026-04-16T10:00:00,2026-04-16T10:00:00,2027-02-24T10:00:00,revoked,2026-06-07T10:00:00,2026-04-29T06:06:23.169360|2026-05-03T10:34:51.543837|2026-06-04T05:11:01.779992|2026-06-05T01:55:57.131660
M0884,P0884,A0884,MER0068|MER0119,1102626,2026-04-15T07:00:00,2026-04-15T07:00:00,2026-11-21T07:00:00,active,,2026-04-24T14:56:40.645294|2026-06-27T03:54:54.652246
M0885,P0885,A0885,MER0106|MER0033,688927,2026-04-11T04:00:00,2026-04-11T04:00:00,2027-06-27T04:00:00,active,,2026-04-25T12:08:15.082747|2026-05-20T02:42:29.472729|2026-06-05T16:46:29.793967|2026-06-14T05:52:12.409048
M0886,P0886,A0886,MER0016|MER0169|MER0083,1634366,2026-04-12T17:00:00,2026-04-12T17:00:00,2027-01-03T17:00:00,active,,2026-05-15T18:08:49.852551|2026-07-16T21:32:43.124519
M0887,P0887,A0887,MER0134|MER0079,2114827,2026-04-12T04:00:00,2026-04-12T04:00:00,2027-01-21T04:00:00,active,,
M0888,P0888,A0888,MER0177|MER0028|MER0037,888940,2026-04-19T00:00:00,2026-04-19T00:00:00,2027-09-22T00:00:00,active,,
M0889,P0889,A0889,MER0048|MER0195,10433663,2026-04-06T08:00:00,2026-04-06T08:00:00,2027-07-31T08:00:00,active,,2026-05-07T08:37:53.368306|2026-07-23T08:24:57.931749
M0890,P0890,A0890,MER0185|MER0177,10170802,2026-04-15T00:00:00,2026-04-15T00:00:00,2027-09-28T00:00:00,active,,2026-05-10T18:49:21.902645|2026-05-12T00:05:58.126274|2026-07-13T00:17:35.920058|2026-07-17T17:23:11.439325
M0891,P0891,A0891,MER0055|MER0169|MER0089|MER0125,5406019,2026-04-03T22:00:00,2026-04-03T22:00:00,2027-05-18T22:00:00,active,,2026-04-18T22:59:37.437379|2026-05-22T10:40:36.875507|2026-05-31T08:36:20.828585|2026-07-23T07:33:45.170812
M0892,P0892,A0892,MER0159|MER0074|MER0116,14412256,2026-04-19T10:00:00,2026-04-19T10:00:00,2026-10-23T10:00:00,active,,2026-04-29T00:29:41.761757|2026-07-15T03:59:10.521249
M0893,P0893,A0893,MER0194|MER0100,7438951,2026-04-14T20:00:00,2026-04-14T20:00:00,2027-04-30T20:00:00,active,,
M0894,P0894,A0894,MER0169|MER0138|MER0030,1617638,2026-04-12T02:00:00,2026-04-12T02:00:00,2026-11-15T02:00:00,active,,
M0895,P0895,A0895,MER0175|MER0040,2294202,2026-04-14T13:00:00,2026-04-14T13:00:00,2027-06-01T13:00:00,active,,
M0896,P0896,A0896,MER0172|MER0099|MER0091|MER0136,3505908,2026-04-23T15:00:00,2026-04-23T15:00:00,2027-07-26T15:00:00,active,,
M0897,P0897,A0897,MER0097|MER0010,6834054,2026-04-23T21:00:00,2026-04-23T21:00:00,2027-09-24T21:00:00,active,,2026-05-07T14:43:55.861656|2026-05-23T11:28:21.437320|2026-06-13T14:18:49.032091
M0898,P0898,A0898,MER0198|MER0162|MER0180,9427362,2026-04-23T05:00:00,2026-04-23T05:00:00,2027-03-14T05:00:00,active,,
M0899,P0899,A0899,MER0019|MER0139|MER0035,2113464,2026-04-14T12:00:00,2026-04-14T12:00:00,2027-07-16T12:00:00,active,,2026-06-12T04:50:44.232105|2026-07-28T12:22:38.677013
M0900,P0900,A0900,MER0192|MER0138,9969133,2026-04-12T01:00:00,2026-04-12T01:00:00,2027-08-19T01:00:00,revoked,2026-07-01T01:00:00,
M0901,P0901,A0901,MER0177|MER0168|MER0133,4006216,2026-04-20T10:00:00,2026-04-20T10:00:00,2027-08-07T10:00:00,active,,2026-05-04T11:52:39.867310|2026-07-14T22:59:49.533533
M0902,P0902,A0902,MER0068|MER0157|MER0019|MER0172,792526,2026-04-14T20:00:00,2026-04-14T20:00:00,2027-05-03T20:00:00,active,,
M0903,P0903,A0903,MER0012|MER0078|MER0007,11679197,2026-04-15T01:00:00,2026-04-15T01:00:00,2027-08-25T01:00:00,active,,2026-04-19T06:55:59.707979
M0904,P0904,A0904,MER0079|MER0169,8186212,2026-04-10T00:00:00,2026-04-10T00:00:00,2027-04-16T00:00:00,active,,2026-04-26T17:16:19.127014|2026-05-25T03:15:07.601572|2026-06-01T14:19:24.507747|2026-07-12T13:32:49.622451
M0905,P0905,A0905,MER0061|MER0092|MER0049,1158877,2026-04-22T00:00:00,2026-04-22T00:00:00,2027-03-05T00:00:00,active,,
M0906,P0906,A0906,MER0169|MER0175,4603896,2026-04-06T22:00:00,2026-04-06T22:00:00,2027-02-13T22:00:00,active,,
M0907,P0907,A0907,MER0177|MER0101,10513873,2026-04-18T12:00:00,2026-04-18T12:00:00,2027-04-08T12:00:00,active,,
M0908,P0908,A0908,MER0181|MER0072|MER0098,1265132,2026-04-20T15:00:00,2026-04-20T15:00:00,2027-04-24T15:00:00,active,,
M0909,P0909,A0909,MER0183|MER0128,2686472,2026-04-15T00:00:00,2026-04-15T00:00:00,2027-09-07T00:00:00,active,,2026-04-17T16:08:38.507861|2026-05-20T06:53:36.798736|2026-06-14T18:42:10.189589|2026-07-26T14:30:50.162435
M0910,P0910,A0910,MER0086|MER0070|MER0065|MER0000,1660100,2026-04-09T20:00:00,2026-04-09T20:00:00,2026-12-06T20:00:00,active,,
M0911,P0911,A0911,MER0043|MER0154,946379,2026-04-23T07:00:00,2026-04-23T07:00:00,2027-01-29T07:00:00,active,,
M0912,P0912,A0912,MER0099|MER0019,2085578,2026-04-06T00:00:00,2026-04-06T00:00:00,2027-03-09T00:00:00,active,,2026-05-14T21:43:17.906972
M0913,P0913,A0913,MER0028|MER0063,5080557,2026-04-09T00:00:00,2026-04-09T00:00:00,2027-01-23T00:00:00,active,,2026-05-06T21:51:34.723276
M0914,P0914,A0914,MER0096|MER0009|MER0005,14940599,2026-04-22T18:00:00,2026-04-22T18:00:00,2027-01-03T18:00:00,active,,
M0915,P0915,A0915,MER0022|MER0010|MER0102,1059086,2026-04-09T06:00:00,2026-04-09T06:00:00,2027-07-03T06:00:00,active,,2026-06-12T03:16:23.819720|2026-06-17T00:25:58.466890|2026-07-04T02:52:18.464487|2026-07-12T18:14:37.913238
M0916,P0916,A0916,MER0103|MER0038|MER0074,804613,2026-04-20T10:00:00,2026-04-20T10:00:00,2027-04-13T10:00:00,active,,
M0917,P0917,A0917,MER0147|MER0143|MER0017|MER0096,5938199,2026-04-22T09:00:00,2026-04-22T09:00:00,2027-06-06T09:00:00,active,,2026-05-07T01:24:30.570302|2026-07-02T06:41:51.082224
M0918,P0918,A0918,MER0105|MER0179|MER0118,2923819,2026-04-22T04:00:00,2026-04-22T04:00:00,2027-03-30T04:00:00,active,,
M0919,P0919,A0919,MER0173|MER0031,5727520,2026-04-13T16:00:00,2026-04-13T16:00:00,2026-11-21T16:00:00,active,,2026-04-15T08:13:10.501913|2026-04-17T09:49:32.771667|2026-07-24T09:13:59.401759
M0920,P0920,A0920,MER0045|MER0088,5407916,2026-04-15T17:00:00,2026-04-15T17:00:00,2027-09-08T17:00:00,active,,2026-04-30T14:35:21.747572|2026-07-18T17:02:01.293914
M0921,P0921,A0921,MER0089|MER0014|MER0066,725806,2026-04-03T21:00:00,2026-04-03T21:00:00,2026-10-17T21:00:00,active,,
M0922,P0922,A0922,MER0056|MER0028|MER0086|MER0090,4870344,2026-04-13T10:00:00,2026-04-13T10:00:00,2027-04-24T10:00:00,active,,
M0923,P0923,A0923,MER0051|MER0157|MER0084,1855960,2026-04-17T05:00:00,2026-04-17T05:00:00,2027-05-27T05:00:00,active,,2026-04-18T20:53:16.777828|2026-05-03T18:39:46.421235|2026-05-26T07:16:12.329508|2026-06-10T19:13:25.659039
M0924,P0924,A0924,MER0054|MER0122|MER0108|MER0080,2992498,2026-04-06T10:00:00,2026-04-06T10:00:00,2026-12-30T10:00:00,active,,
M0925,P0925,A0925,MER0040|MER0059|MER0014|MER0038,935216,2026-04-10T15:00:00,2026-04-10T15:00:00,2026-06-08T15:00:00,active,,
M0926,P0926,A0926,MER0004|MER0022|MER0163,697759,2026-04-11T03:00:00,2026-04-11T03:00:00,2026-12-28T03:00:00,active,,
M0927,P0927,A0927,MER0177|MER0046,1580924,2026-04-19T02:00:00,2026-04-19T02:00:00,2026-11-29T02:00:00,active,,2026-06-08T01:14:05.321144|2026-07-20T20:50:12.512783
M0928,P0928,A0928,MER0127|MER0182|MER0071,4546132,2026-04-18T09:00:00,2026-04-18T09:00:00,2027-08-03T09:00:00,active,,2026-06-11T00:00:51.948456
M0929,P0929,A0929,MER0144|MER0123|MER0180|MER0091,9809238,2026-04-07T02:00:00,2026-04-07T02:00:00,2027-01-05T02:00:00,active,,
M0930,P0930,A0930,MER0057|MER0024|MER0144,12032602,2026-04-09T13:00:00,2026-04-09T13:00:00,2027-01-25T13:00:00,active,,
M0931,P0931,A0931,MER0093|MER0058,4985590,2026-04-08T10:00:00,2026-04-08T10:00:00,2027-07-22T10:00:00,active,,2026-07-01T05:22:03.031523|2026-07-08T17:58:50.999387|2026-07-18T00:47:13.998664|2026-07-26T08:53:14.752373
M0932,P0932,A0932,MER0032|MER0110|MER0091|MER0180,2114768,2026-04-20T10:00:00,2026-04-20T10:00:00,2027-01-10T10:00:00,active,,2026-07-10T03:23:18.597553|2026-07-16T20:12:51.575626
M0933,P0933,A0933,MER0112|MER0183,11889875,2026-04-12T18:00:00,2026-04-12T18:00:00,2027-06-16T18:00:00,active,,2026-05-07T14:33:12.645442|2026-05-15T08:13:43.493917|2026-07-10T20:21:38.278972|2026-07-25T10:00:21.864165
M0934,P0934,A0934,MER0095|MER0094|MER0186,1723301,2026-04-19T16:00:00,2026-04-19T16:00:00,2026-12-14T16:00:00,active,,2026-04-20T22:34:49.524327|2026-05-07T04:47:42.978093|2026-06-04T13:28:00.780183|2026-06-17T21:54:49.597037
M0935,P0935,A0935,MER0149|MER0176,2824347,2026-04-19T23:00:00,2026-04-19T23:00:00,2027-06-24T23:00:00,active,,
M0936,P0936,A0936,MER0171|MER0163|MER0075|MER0038,14139725,2026-04-07T02:00:00,2026-04-07T02:00:00,2026-11-23T02:00:00,active,,2026-06-09T13:16:18.641606
M0937,P0937,A0937,MER0011|MER0077,2526055,2026-04-21T08:00:00,2026-04-21T08:00:00,2027-10-04T08:00:00,active,,2026-05-13T09:24:20.737037|2026-05-27T06:21:03.641684|2026-07-01T19:53:13.010521|2026-07-05T07:57:16.878908
M0938,P0938,A0938,MER0173|MER0114|MER0056|MER0067,1490978,2026-04-24T11:00:00,2026-04-24T11:00:00,2026-11-21T11:00:00,active,,
M0939,P0939,A0939,MER0006|MER0079,2877159,2026-04-12T16:00:00,2026-04-12T16:00:00,2027-09-04T16:00:00,active,,
M0940,P0940,A0940,MER0043|MER0144|MER0024,7474188,2026-04-14T11:00:00,2026-04-14T11:00:00,2027-07-30T11:00:00,active,,
M0941,P0941,A0941,MER0175|MER0050,2238994,2026-04-23T00:00:00,2026-04-23T00:00:00,2026-11-01T00:00:00,active,,2026-05-13T02:12:52.671211|2026-06-27T17:19:16.225152|2026-07-05T18:10:29.865263
M0942,P0942,A0942,MER0001|MER0186,903921,2026-04-17T07:00:00,2026-04-17T07:00:00,2027-09-30T07:00:00,active,,2026-05-03T09:22:45.804030
M0943,P0943,A0943,MER0045|MER0033|MER0066|MER0048,5757525,2026-04-07T20:00:00,2026-04-07T20:00:00,2027-05-27T20:00:00,active,,
M0944,P0944,A0944,MER0033|MER0191,7249472,2026-04-05T08:00:00,2026-04-05T08:00:00,2027-04-26T08:00:00,active,,
M0945,P0945,A0945,MER0193|MER0010,1234809,2026-04-17T09:00:00,2026-04-17T09:00:00,2027-09-17T09:00:00,active,,2026-05-08T23:05:11.481446|2026-06-22T03:56:35.299171|2026-07-03T06:17:01.006421|2026-07-24T08:16:35.108468
M0946,P0946,A0946,MER0175|MER0059|MER0134,7639338,2026-04-15T22:00:00,2026-04-15T22:00:00,2026-10-18T22:00:00,active,,2026-04-27T21:38:01.034142|2026-07-06T22:31:55.320746|2026-07-08T05:47:39.969451
M0947,P0947,A0947,MER0028|MER0027,1269346,2026-04-12T02:00:00,2026-04-12T02:00:00,2027-09-23T02:00:00,active,,2026-05-18T16:29:18.009290|2026-06-14T21:56:22.937929|2026-07-15T19:21:05.373486
M0948,P0948,A0948,MER0187|MER0081,2672908,2026-04-15T09:00:00,2026-04-15T09:00:00,2027-08-10T09:00:00,active,,
M0949,P0949,A0949,MER0133|MER0026|MER0000|MER0063,1039609,2026-04-22T15:00:00,2026-04-22T15:00:00,2027-10-09T15:00:00,active,,
M0950,P0950,A0950,MER0142|MER0036,2948554,2026-04-07T18:00:00,2026-04-07T18:00:00,2027-04-05T18:00:00,active,,2026-04-11T19:59:14.384573|2026-05-02T22:03:59.405275|2026-05-13T17:48:07.030821|2026-07-23T02:07:07.839927
M0951,P0951,A0951,MER0045|MER0007|MER0042|MER0150,2841174,2026-04-05T04:00:00,2026-04-05T04:00:00,2027-08-12T04:00:00,active,,2026-04-25T11:07:24.650275|2026-05-08T09:45:33.391783|2026-05-27T13:37:51.532808|2026-06-17T00:28:42.871987
M0952,P0952,A0952,MER0136|MER0135,8470220,2026-04-21T02:00:00,2026-04-21T02:00:00,2026-12-23T02:00:00,active,,2026-05-26T07:44:12.395689
M0953,P0953,A0953,MER0000|MER0065,4258968,2026-04-12T03:00:00,2026-04-12T03:00:00,2026-06-14T03:00:00,active,,
M0954,P0954,A0954,MER0185|MER0148|MER0127,13059337,2026-04-16T20:00:00,2026-04-16T20:00:00,2027-04-20T20:00:00,active,,
M0955,P0955,A0955,MER0086|MER0147|MER0056,4769845,2026-04-10T17:00:00,2026-04-10T17:00:00,2026-11-30T17:00:00,active,,
M0956,P0956,A0956,MER0000|MER0029|MER0009,881062,2026-04-20T04:00:00,2026-04-20T04:00:00,2027-07-07T04:00:00,active,,2026-05-01T07:18:51.515010|2026-05-31T10:17:57.609375|2026-06-16T02:30:58.617563|2026-07-07T06:35:19.854668
M0957,P0957,A0957,MER0048|MER0130|MER0163,9581270,2026-04-05T11:00:00,2026-04-05T11:00:00,2026-11-20T11:00:00,active,,
M0958,P0958,A0958,MER0037|MER0196,1972230,2026-04-04T23:00:00,2026-04-04T23:00:00,2027-03-25T23:00:00,active,,2026-05-23T18:18:42.580216|2026-06-04T10:29:00.661361
M0959,P0959,A0959,MER0012|MER0145,3881179,2026-04-10T22:00:00,2026-04-10T22:00:00,2026-10-31T22:00:00,active,,2026-05-04T01:27:12.357375|2026-05-26T09:14:38.537021|2026-06-05T12:46:34.493575
M0960,P0960,A0960,MER0060|MER0007|MER0006|MER0174,3199652,2026-04-16T12:00:00,2026-04-16T12:00:00,2027-07-10T12:00:00,active,,2026-05-08T23:29:45.534301|2026-06-08T14:21:31.816095|2026-06-15T10:22:11.320393|2026-06-19T02:19:26.124258
M0961,P0961,A0961,MER0062|MER0140,14765141,2026-04-09T05:00:00,2026-04-09T05:00:00,2027-05-17T05:00:00,active,,2026-04-19T01:10:22.850708|2026-06-14T17:52:32.304882
M0962,P0962,A0962,MER0049|MER0153,2737146,2026-04-03T03:00:00,2026-04-03T03:00:00,2027-02-13T03:00:00,active,,2026-04-07T01:36:40.806421|2026-06-17T02:12:15.162295|2026-07-27T00:06:33.292724
M0963,P0963,A0963,MER0012|MER0138,2592680,2026-04-22T08:00:00,2026-04-22T08:00:00,2026-12-21T08:00:00,active,,2026-06-16T04:15:14.752402|2026-06-20T07:18:05.364263|2026-07-25T12:56:54.267101
M0964,P0964,A0964,MER0174|MER0194|MER0078|MER0175,2129032,2026-04-03T21:00:00,2026-04-03T21:00:00,2026-11-02T21:00:00,active,,2026-06-03T02:11:58.713015|2026-06-15T22:06:05.026231|2026-07-09T04:46:48.194461
M0965,P0965,A0965,MER0168|MER0140|MER0176|MER0065,963869,2026-04-23T05:00:00,2026-04-23T05:00:00,2027-08-18T05:00:00,active,,2026-05-22T21:13:58.346959|2026-05-31T15:59:03.757570|2026-06-03T11:24:24.191932|2026-06-17T17:59:12.546889
M0966,P0966,A0966,MER0037|MER0063,1894791,2026-04-18T19:00:00,2026-04-18T19:00:00,2027-06-20T19:00:00,active,,2026-07-07T07:08:46.680836|2026-07-14T09:01:31.744600
M0967,P0967,A0967,MER0063|MER0173,1414845,2026-04-22T15:00:00,2026-04-22T15:00:00,2027-08-06T15:00:00,active,,
M0968,P0968,A0968,MER0026|MER0070,10245662,2026-04-09T04:00:00,2026-04-09T04:00:00,2027-09-09T04:00:00,active,,2026-06-06T21:51:19.847748
M0969,P0969,A0969,MER0041|MER0035,2786576,2026-04-16T04:00:00,2026-04-16T04:00:00,2027-09-16T04:00:00,active,,2026-04-27T03:35:48.069326|2026-07-23T21:50:23.541379|2026-07-24T12:00:43.532662
M0970,P0970,A0970,MER0104|MER0192,6451433,2026-04-22T09:00:00,2026-04-22T09:00:00,2027-08-14T09:00:00,active,,2026-05-01T15:23:52.399151
M0971,P0971,A0971,MER0177|MER0173,1359641,2026-04-24T14:00:00,2026-04-24T14:00:00,2027-09-24T14:00:00,active,,
M0972,P0972,A0972,MER0116|MER0077|MER0085|MER0166,1753931,2026-04-07T11:00:00,2026-04-07T11:00:00,2027-05-23T11:00:00,active,,
M0973,P0973,A0973,MER0087|MER0186|MER0139|MER0158,1343067,2026-04-15T05:00:00,2026-04-15T05:00:00,2027-07-15T05:00:00,active,,
M0974,P0974,A0974,MER0009|MER0143|MER0155|MER0096,1273482,2026-04-19T19:00:00,2026-04-19T19:00:00,2027-01-16T19:00:00,active,,2026-05-21T08:18:44.219000
M0975,P0975,A0975,MER0027|MER0046,6676354,2026-04-20T08:00:00,2026-04-20T08:00:00,2027-08-15T08:00:00,active,,2026-06-07T03:10:56.530103|2026-06-11T07:21:38.078996|2026-06-16T20:41:09.305317|2026-07-06T07:13:38.992740
M0976,P0976,A0976,MER0154|MER0021|MER0099|MER0020,979719,2026-04-21T23:00:00,2026-04-21T23:00:00,2026-12-17T23:00:00,active,,
M0977,P0977,A0977,MER0043|MER0120|MER0135,5703297,2026-04-05T08:00:00,2026-04-05T08:00:00,2027-08-26T08:00:00,active,,2026-05-14T23:55:35.214806|2026-05-20T02:38:41.873590
M0978,P0978,A0978,MER0178|MER0115|MER0058,1902208,2026-04-13T17:00:00,2026-04-13T17:00:00,2027-08-15T17:00:00,active,,
M0979,P0979,A0979,MER0133|MER0177|MER0067|MER0070,2686411,2026-04-23T04:00:00,2026-04-23T04:00:00,2027-06-08T04:00:00,active,,2026-04-25T07:19:08.625105|2026-05-04T04:23:49.761915|2026-05-08T02:46:58.646117|2026-06-18T03:04:46.394558
M0980,P0980,A0980,MER0067|MER0143|MER0071|MER0177,861391,2026-04-20T09:00:00,2026-04-20T09:00:00,2027-08-06T09:00:00,active,,
M0981,P0981,A0981,MER0140|MER0177|MER0173|MER0065,1316108,2026-04-22T03:00:00,2026-04-22T03:00:00,2026-12-28T03:00:00,active,,2026-07-06T15:52:45.043026|2026-07-30T04:39:15.094806
M0982,P0982,A0982,MER0185|MER0026|MER0147|MER0005,7153616,2026-04-22T05:00:00,2026-04-22T05:00:00,2026-11-25T05:00:00,active,,
M0983,P0983,A0983,MER0092|MER0120|MER0190|MER0053,4609404,2026-04-10T22:00:00,2026-04-10T22:00:00,2027-02-03T22:00:00,active,,
M0984,P0984,A0984,MER0058|MER0075|MER0011,9056707,2026-04-11T21:00:00,2026-04-11T21:00:00,2026-11-25T21:00:00,active,,
M0985,P0985,A0985,MER0054|MER0121,1117301,2026-04-11T20:00:00,2026-04-11T20:00:00,2027-02-19T20:00:00,active,,2026-06-23T08:45:15.776199|2026-06-28T12:07:06.283569|2026-07-17T20:49:50.283202
M0986,P0986,A0986,MER0185|MER0143,8705320,2026-04-15T05:00:00,2026-04-15T05:00:00,2027-06-16T05:00:00,active,,
M0987,P0987,A0987,MER0038|MER0077|MER0187|MER0166,1661807,2026-04-22T11:00:00,2026-04-22T11:00:00,2027-07-25T11:00:00,active,,
M0988,P0988,A0988,MER0145|MER0170|MER0042,7114657,2026-04-06T18:00:00,2026-04-06T18:00:00,2027-02-18T18:00:00,active,,
M0989,P0989,A0989,MER0093|MER0193,3640416,2026-04-09T02:00:00,2026-04-09T02:00:00,2027-02-18T02:00:00,active,,
M0990,P0990,A0990,MER0092|MER0188|MER0128|MER0199,8059849,2026-04-21T05:00:00,2026-04-21T05:00:00,2027-07-04T05:00:00,active,,2026-05-24T22:35:02.002591
M0991,P0991,A0991,MER0112|MER0021|MER0043,2001773,2026-04-07T16:00:00,2026-04-07T16:00:00,2027-08-06T16:00:00,active,,2026-05-06T18:08:26.986936|2026-07-19T00:43:29.475148|2026-07-23T13:03:19.525123|2026-07-31T01:27:19.732126
M0992,P0992,A0992,MER0033|MER0016|MER0146,9571976,2026-04-06T04:00:00,2026-04-06T04:00:00,2026-11-03T04:00:00,active,,
M0993,P0993,A0993,MER0080|MER0132|MER0112,955830,2026-04-11T03:00:00,2026-04-11T03:00:00,2027-09-04T03:00:00,active,,2026-05-18T04:00:22.123480|2026-05-23T19:30:53.743361|2026-06-17T01:39:49.519161
M0994,P0994,A0994,MER0007|MER0187,3554392,2026-04-24T18:00:00,2026-04-24T18:00:00,2026-12-29T18:00:00,active,,
M0995,P0995,A0995,MER0017|MER0086,1699368,2026-04-16T01:00:00,2026-04-16T01:00:00,2027-03-02T01:00:00,active,,
M0996,P0996,A0996,MER0136|MER0157|MER0131|MER0021,996665,2026-04-14T04:00:00,2026-04-14T04:00:00,2026-10-18T04:00:00,active,,
M0997,P0997,A0997,MER0127|MER0168|MER0148,925663,2026-04-14T11:00:00,2026-04-14T11:00:00,2027-07-30T11:00:00,active,,
M0998,P0998,A0998,MER0062|MER0173,2324450,2026-04-22T02:00:00,2026-04-22T02:00:00,2027-02-20T02:00:00,active,,2026-05-11T07:57:25.382627|2026-07-09T15:04:16.169597|2026-07-16T15:47:19.762436|2026-07-18T19:06:15.460818
M0999,P0999,A0999,MER0086|MER0017|MER0028,3175949,2026-04-16T17:00:00,2026-04-16T17:00:00,2027-08-20T17:00:00,active,,
M1000,P1000,A1000,MER0130|MER0048|MER0058|MER0036,5591975,2026-04-08T10:00:00,2026-04-08T10:00:00,2027-05-24T10:00:00,active,,
M1001,P1001,A1001,MER0153|MER0111|MER0129|MER0049,2752625,2026-04-14T16:00:00,2026-04-14T16:00:00,2026-10-25T16:00:00,active,,2026-04-25T13:01:36.491842
M1002,P1002,A1002,MER0172|MER0164|MER0124,9888648,2026-04-04T01:00:00,2026-04-04T01:00:00,2026-06-13T01:00:00,active,,
M1003,P1003,A1003,MER0168|MER0182|MER0031,7494653,2026-04-09T06:00:00,2026-04-09T06:00:00,2027-08-06T06:00:00,active,,2026-07-23T12:29:19.202409
M1004,P1004,A1004,MER0031|MER0143|MER0070,7068916,2026-04-09T17:00:00,2026-04-09T17:00:00,2026-11-13T17:00:00,active,,2026-04-16T16:43:50.268683|2026-06-08T22:18:43.037141
M1005,P1005,A1005,MER0150|MER0098|MER0073|MER0134,1165434,2026-04-15T21:00:00,2026-04-15T21:00:00,2027-04-27T21:00:00,active,,2026-05-25T22:27:11.793463|2026-06-14T14:38:59.331167|2026-06-23T05:51:34.482496|2026-07-29T02:06:00.764503
M1006,P1006,A1006,MER0056|MER0090|MER0031|MER0029,3838193,2026-04-21T21:00:00,2026-04-21T21:00:00,2027-07-02T21:00:00,active,,2026-04-27T14:09:28.027803|2026-06-04T19:10:09.890629|2026-06-29T10:58:10.272196
M1007,P1007,A1007,MER0127|MER0086|MER0149|MER0101,7164515,2026-04-07T13:00:00,2026-04-07T13:00:00,2026-11-12T13:00:00,active,,
M1008,P1008,A1008,MER0138|MER0081|MER0166|MER0192,10620336,2026-04-19T20:00:00,2026-04-19T20:00:00,2026-11-28T20:00:00,active,,
M1009,P1009,A1009,MER0067|MER0086,3722849,2026-04-24T18:00:00,2026-04-24T18:00:00,2027-01-14T18:00:00,active,,2026-05-30T01:15:03.900112|2026-07-01T04:52:23.570077|2026-07-14T06:08:23.819957|2026-07-21T19:56:13.106607
M1010,P1010,A1010,MER0169|MER0013|MER0014|MER0191,901876,2026-04-15T16:00:00,2026-04-15T16:00:00,2027-02-19T16:00:00,active,,
M1011,P1011,A1011,MER0191|MER0073|MER0093,902976,2026-04-21T09:00:00,2026-04-21T09:00:00,2027-03-03T09:00:00,active,,2026-04-23T13:21:24.212221|2026-07-19T11:37:54.399020
M1012,P1012,A1012,MER0041|MER0162|MER0024|MER0128,12387712,2026-04-18T07:00:00,2026-04-18T07:00:00,2027-07-05T07:00:00,active,,
M1013,P1013,A1013,MER0071|MER0070,10683186,2026-04-12T19:00:00,2026-04-12T19:00:00,2027-02-19T19:00:00,active,,2026-07-12T02:40:45.185846|2026-07-18T14:29:07.474463
M1014,P1014,A1014,MER0153|MER0197,12075028,2026-04-22T14:00:00,2026-04-22T14:00:00,2027-07-28T14:00:00,active,,
M1015,P1015,A1015,MER0113|MER0091|MER0190|MER0044,4718556,2026-04-08T11:00:00,2026-04-08T11:00:00,2027-06-19T11:00:00,active,,2026-05-27T13:11:11.051357|2026-06-12T15:08:27.011613|2026-06-14T17:06:56.471290|2026-07-09T07:11:26.459447
M1016,P1016,A1016,MER0190|MER0023,6125650,2026-04-12T21:00:00,2026-04-12T21:00:00,2027-10-03T21:00:00,active,,2026-05-11T12:55:22.046806|2026-06-27T02:33:29.176678|2026-07-14T09:46:28.858572
M1017,P1017,A1017,MER0022|MER0187,10715761,2026-04-22T00:00:00,2026-04-22T00:00:00,2027-02-25T00:00:00,active,,2026-06-26T20:52:26.246606|2026-07-15T03:56:23.005219
M1018,P1018,A1018,MER0053|MER0164|MER0091,14025808,2026-04-11T13:00:00,2026-04-11T13:00:00,2026-12-24T13:00:00,active,,
M1019,P1019,A1019,MER0157|MER0015|MER0128|MER0053,1369368,2026-04-21T14:00:00,2026-04-21T14:00:00,2027-07-09T14:00:00,active,,
M1020,P1020,A1020,MER0183|MER0082|MER0054|MER0051,2759003,2026-04-06T03:00:00,2026-04-06T03:00:00,2026-10-10T03:00:00,active,,2026-04-08T23:55:32.721465
M1021,P1021,A1021,MER0124|MER0151|MER0136|MER0123,4090378,2026-04-06T03:00:00,2026-04-06T03:00:00,2027-06-20T03:00:00,active,,
M1022,P1022,A1022,MER0154|MER0124|MER0044|MER0003,10122248,2026-04-20T06:00:00,2026-04-20T06:00:00,2027-01-21T06:00:00,active,,
M1023,P1023,A1023,MER0067|MER0182,3677380,2026-04-12T21:00:00,2026-04-12T21:00:00,2027-09-02T21:00:00,active,,
M1024,P1024,A1024,MER0079|MER0126|MER0170,2068689,2026-04-23T09:00:00,2026-04-23T09:00:00,2027-03-27T09:00:00,active,,
M1025,P1025,A1025,MER0028|MER0009|MER0000|MER0062,2780213,2026-04-04T06:00:00,2026-04-04T06:00:00,2027-04-25T06:00:00,active,,2026-06-13T02:01:12.831437|2026-07-24T15:13:52.380787|2026-07-25T16:36:40.429025
M1026,P1026,A1026,MER0101|MER0005,759416,2026-04-05T04:00:00,2026-04-05T04:00:00,2027-09-09T04:00:00,active,,2026-04-07T16:18:31.266861
M1027,P1027,A1027,MER0122|MER0110|MER0035,1295640,2026-04-06T22:00:00,2026-04-06T22:00:00,2027-01-26T22:00:00,active,,2026-04-19T11:34:39.250702|2026-06-09T04:57:52.595449|2026-06-17T12:58:01.417864|2026-07-22T23:48:34.994958
M1028,P1028,A1028,MER0199|MER0153|MER0020,4796097,2026-04-20T16:00:00,2026-04-20T16:00:00,2027-07-31T16:00:00,active,,2026-05-05T21:21:50.222950|2026-05-21T09:08:36.435925
M1029,P1029,A1029,MER0184|MER0199|MER0129|MER0053,6062544,2026-04-16T15:00:00,2026-04-16T15:00:00,2026-10-20T15:00:00,active,,2026-06-06T05:38:44.257853
M1030,P1030,A1030,MER0156|MER0198|MER0032|MER0121,893249,2026-04-04T00:00:00,2026-04-04T00:00:00,2027-05-08T00:00:00,active,,2026-06-11T04:23:54.006976
M1031,P1031,A1031,MER0067|MER0031,10263289,2026-04-03T06:00:00,2026-04-03T06:00:00,2027-09-24T06:00:00,active,,2026-05-09T23:19:08.776846|2026-05-19T02:33:27.649584
M1032,P1032,A1032,MER0002|MER0175|MER0104|MER0040,733502,2026-04-06T06:00:00,2026-04-06T06:00:00,2027-06-21T06:00:00,active,,
M1033,P1033,A1033,MER0149|MER0086|MER0027,11199269,2026-04-08T08:00:00,2026-04-08T08:00:00,2027-08-09T08:00:00,active,,2026-05-11T00:15:26.468716|2026-06-17T02:23:31.678711
M1034,P1034,A1034,MER0049|MER0136|MER0099,7364378,2026-04-08T11:00:00,2026-04-08T11:00:00,2027-06-06T11:00:00,active,,
M1035,P1035,A1035,MER0070|MER0127,3937913,2026-04-11T09:00:00,2026-04-11T09:00:00,2027-07-18T09:00:00,active,,2026-04-17T08:46:50.075553|2026-05-30T05:42:38.243588|2026-06-07T00:18:20.491416|2026-07-13T01:16:44.031419
M1036,P1036,A1036,MER0042|MER0038|MER0103|MER0159,9130974,2026-04-04T22:00:00,2026-04-04T22:00:00,2026-10-26T22:00:00,revoked,2026-06-08T22:00:00,2026-05-02T03:46:24.358868|2026-05-05T07:34:26.864983|2026-06-05T18:10:54.210551
M1037,P1037,A1037,MER0079|MER0146,661792,2026-04-09T09:00:00,2026-04-09T09:00:00,2027-07-19T09:00:00,active,,
M1038,P1038,A1038,MER0017|MER0027,6612497,2026-04-19T10:00:00,2026-04-19T10:00:00,2027-07-07T10:00:00,active,,
M1039,P1039,A1039,MER0091|MER0035|MER0049,743731,2026-04-16T05:00:00,2026-04-16T05:00:00,2027-07-17T05:00:00,active,,
M1040,P1040,A1040,MER0155|MER0026,14884933,2026-04-04T23:00:00,2026-04-04T23:00:00,2027-08-25T23:00:00,active,,
M1041,P1041,A1041,MER0175|MER0104,1334469,2026-04-04T16:00:00,2026-04-04T16:00:00,2027-05-26T16:00:00,active,,2026-05-12T12:28:23.883632
M1042,P1042,A1042,MER0009|MER0127,1244215,2026-04-11T05:00:00,2026-04-11T05:00:00,2027-07-26T05:00:00,active,,2026-04-13T19:49:24.273016|2026-04-20T00:07:25.166271|2026-05-16T17:43:21.608969|2026-05-29T12:41:46.441906
M1043,P1043,A1043,MER0027|MER0173|MER0185,3775010,2026-04-13T12:00:00,2026-04-13T12:00:00,2027-10-02T12:00:00,active,,
M1044,P1044,A1044,MER0163|MER0145|MER0125|MER0181,2089081,2026-04-21T13:00:00,2026-04-21T13:00:00,2027-05-17T13:00:00,active,,
M1045,P1045,A1045,MER0029|MER0143|MER0027,6220988,2026-04-23T23:00:00,2026-04-23T23:00:00,2026-12-31T23:00:00,active,,2026-05-03T01:22:30.237040|2026-07-13T10:19:23.990370|2026-07-22T07:47:24.869441
M1046,P1046,A1046,MER0019|MER0095,5191614,2026-04-13T03:00:00,2026-04-13T03:00:00,2027-07-24T03:00:00,active,,2026-04-21T13:07:26.960675|2026-07-19T12:06:20.248866
M1047,P1047,A1047,MER0103|MER0137|MER0076|MER0165,14476458,2026-04-10T22:00:00,2026-04-10T22:00:00,2026-12-23T22:00:00,active,,2026-05-30T05:57:48.467680|2026-07-03T15:33:51.211341|2026-07-29T14:05:31.991753
M1048,P1048,A1048,MER0196|MER0182,2959290,2026-04-11T22:00:00,2026-04-11T22:00:00,2027-03-10T22:00:00,active,,2026-05-07T23:31:40.707779|2026-05-17T21:18:26.844678|2026-07-28T08:39:24.239438
M1049,P1049,A1049,MER0129|MER0049|MER0179,2223153,2026-04-04T22:00:00,2026-04-04T22:00:00,2027-05-17T22:00:00,active,,
M1050,P1050,A1050,MER0128|MER0121,1034609,2026-04-18T16:00:00,2026-04-18T16:00:00,2026-11-24T16:00:00,active,,2026-06-16T19:37:10.658800|2026-07-03T18:32:56.799592
M1051,P1051,A1051,MER0010|MER0169|MER0097|MER0093,12320566,2026-04-06T03:00:00,2026-04-06T03:00:00,2027-09-26T03:00:00,active,,2026-07-18T09:58:25.225879
M1052,P1052,A1052,MER0025|MER0145,2796157,2026-04-20T01:00:00,2026-04-20T01:00:00,2026-06-20T01:00:00,active,,
M1053,P1053,A1053,MER0124|MER0021|MER0057,4821048,2026-04-09T17:00:00,2026-04-09T17:00:00,2027-08-19T17:00:00,active,,2026-04-20T00:31:41.665882|2026-04-30T13:06:57.542138|2026-06-27T22:55:27.919294
M1054,P1054,A1054,MER0040|MER0058,886768,2026-04-17T21:00:00,2026-04-17T21:00:00,2027-07-30T21:00:00,active,,
M1055,P1055,A1055,MER0126|MER0012,3950710,2026-04-05T21:00:00,2026-04-05T21:00:00,2027-01-19T21:00:00,active,,
M1056,P1056,A1056,MER0196|MER0070|MER0148|MER0101,3094223,2026-04-05T05:00:00,2026-04-05T05:00:00,2027-06-11T05:00:00,active,,2026-05-29T23:55:42.682825|2026-07-13T04:09:25.447627
M1057,P1057,A1057,MER0120|MER0189,1883187,2026-04-15T18:00:00,2026-04-15T18:00:00,2027-02-07T18:00:00,active,,
M1058,P1058,A1058,MER0115|MER0081,10741541,2026-04-22T14:00:00,2026-04-22T14:00:00,2026-10-25T14:00:00,active,,
M1059,P1059,A1059,MER0079|MER0100,5655959,2026-04-07T03:00:00,2026-04-07T03:00:00,2027-05-11T03:00:00,revoked,2026-06-25T03:00:00,
M1060,P1060,A1060,MER0026|MER0177,1649468,2026-04-13T17:00:00,2026-04-13T17:00:00,2026-11-27T17:00:00,active,,
M1061,P1061,A1061,MER0056|MER0177|MER0114|MER0067,1615939,2026-04-15T20:00:00,2026-04-15T20:00:00,2026-12-26T20:00:00,revoked,2026-06-18T20:00:00,2026-05-12T12:13:34.683899
M1062,P1062,A1062,MER0185|MER0000|MER0005|MER0140,10631823,2026-04-22T04:00:00,2026-04-22T04:00:00,2027-07-26T04:00:00,revoked,2026-07-05T04:00:00,2026-04-26T09:14:37.077294|2026-05-10T19:20:46.018728|2026-05-28T00:34:52.095039|2026-06-12T22:25:53.892110
M1063,P1063,A1063,MER0071|MER0031|MER0063|MER0062,2192889,2026-04-21T19:00:00,2026-04-21T19:00:00,2027-10-10T19:00:00,active,,2026-04-24T20:13:36.725528|2026-06-01T01:18:47.573898
M1064,P1064,A1064,MER0046|MER0101|MER0096,660969,2026-04-03T14:00:00,2026-04-03T14:00:00,2027-03-27T14:00:00,active,,2026-05-11T12:42:33.855723|2026-07-29T20:33:45.897861
M1065,P1065,A1065,MER0058|MER0081|MER0030,1390007,2026-04-18T11:00:00,2026-04-18T11:00:00,2027-08-09T11:00:00,revoked,2026-06-08T11:00:00,
M1066,P1066,A1066,MER0052|MER0084|MER0111|MER0117,9593273,2026-04-06T05:00:00,2026-04-06T05:00:00,2026-10-19T05:00:00,active,,
M1067,P1067,A1067,MER0009|MER0114|MER0067|MER0000,2469613,2026-04-24T11:00:00,2026-04-24T11:00:00,2027-05-20T11:00:00,active,,2026-05-06T18:33:25.715930|2026-07-20T10:32:08.119840
M1068,P1068,A1068,MER0148|MER0065|MER0031,2164923,2026-04-22T01:00:00,2026-04-22T01:00:00,2027-10-01T01:00:00,active,,
M1069,P1069,A1069,MER0185|MER0182|MER0177,4006512,2026-04-17T21:00:00,2026-04-17T21:00:00,2027-01-17T21:00:00,active,,
M1070,P1070,A1070,MER0111|MER0054|MER0128,10673977,2026-04-04T15:00:00,2026-04-04T15:00:00,2027-02-01T15:00:00,active,,
M1071,P1071,A1071,MER0042|MER0142,2430581,2026-04-14T23:00:00,2026-04-14T23:00:00,2026-11-19T23:00:00,active,,
M1072,P1072,A1072,MER0187|MER0038|MER0002|MER0137,3917525,2026-04-06T06:00:00,2026-04-06T06:00:00,2026-12-24T06:00:00,active,,
M1073,P1073,A1073,MER0059|MER0134,6598481,2026-04-08T07:00:00,2026-04-08T07:00:00,2027-08-12T07:00:00,active,,2026-04-23T08:37:29.469147|2026-06-07T13:15:43.540909|2026-07-20T18:31:28.661947
M1074,P1074,A1074,MER0001|MER0121|MER0184,916202,2026-04-07T04:00:00,2026-04-07T04:00:00,2026-11-30T04:00:00,active,,2026-05-16T01:12:57.182332|2026-06-09T22:26:40.697685|2026-06-30T10:10:58.610047
M1075,P1075,A1075,MER0149|MER0155|MER0046|MER0028,8895656,2026-04-16T12:00:00,2026-04-16T12:00:00,2026-11-07T12:00:00,active,,
M1076,P1076,A1076,MER0166|MER0191|MER0069,956996,2026-04-06T12:00:00,2026-04-06T12:00:00,2027-08-10T12:00:00,active,,2026-05-09T06:03:58.617347|2026-07-08T22:13:41.054784|2026-07-19T21:49:57.122556|2026-07-27T01:35:16.808219
M1077,P1077,A1077,MER0028|MER0173,6813366,2026-04-07T11:00:00,2026-04-07T11:00:00,2027-06-05T11:00:00,active,,2026-06-08T15:17:12.927616|2026-06-17T13:45:16.760745
M1078,P1078,A1078,MER0049|MER0052,5006101,2026-04-04T17:00:00,2026-04-04T17:00:00,2027-02-20T17:00:00,active,,2026-06-30T06:02:50.964479|2026-07-22T21:08:59.191820
M1079,P1079,A1079,MER0043|MER0024|MER0132|MER0121,3773682,2026-04-22T15:00:00,2026-04-22T15:00:00,2026-06-09T15:00:00,active,,
M1080,P1080,A1080,MER0047|MER0019,5879065,2026-04-23T14:00:00,2026-04-23T14:00:00,2027-03-10T14:00:00,active,,
M1081,P1081,A1081,MER0038|MER0137,14357416,2026-04-18T23:00:00,2026-04-18T23:00:00,2026-12-19T23:00:00,active,,2026-04-24T05:24:43.474583|2026-07-02T21:31:51.483107|2026-07-08T23:21:48.760849
M1082,P1082,A1082,MER0022|MER0126|MER0097|MER0012,8403126,2026-04-16T17:00:00,2026-04-16T17:00:00,2026-10-14T17:00:00,active,,
M1083,P1083,A1083,MER0065|MER0148|MER0149|MER0114,3917285,2026-04-16T14:00:00,2026-04-16T14:00:00,2027-07-15T14:00:00,active,,
M1084,P1084,A1084,MER0053|MER0190,13400026,2026-04-06T03:00:00,2026-04-06T03:00:00,2027-09-19T03:00:00,active,,2026-05-20T14:36:41.397405|2026-06-16T01:24:25.017436|2026-07-15T02:15:27.613232
M1085,P1085,A1085,MER0165|MER0069|MER0036|MER0007,1814926,2026-04-11T16:00:00,2026-04-11T16:00:00,2027-07-12T16:00:00,active,,2026-04-21T14:15:43.365200|2026-04-29T06:12:23.102633|2026-05-25T18:34:07.057527|2026-07-17T05:11:41.024079
M1086,P1086,A1086,MER0152|MER0004|MER0160,1070935,2026-04-05T00:00:00,2026-04-05T00:00:00,2027-04-08T00:00:00,active,,2026-05-20T19:55:35.451169|2026-05-29T21:05:48.660107|2026-07-03T02:49:31.171939|2026-07-19T05:42:59.983001
M1087,P1087,A1087,MER0052|MER0034|MER0186,1048296,2026-04-20T02:00:00,2026-04-20T02:00:00,2026-11-16T02:00:00,active,,2026-04-24T17:41:41.454652|2026-05-21T10:25:10.207438|2026-07-27T13:55:01.431242
M1088,P1088,A1088,MER0090|MER0062,1507245,2026-04-11T13:00:00,2026-04-11T13:00:00,2026-10-12T13:00:00,active,,
M1089,P1089,A1089,MER0059|MER0038|MER0050,1085392,2026-04-15T09:00:00,2026-04-15T09:00:00,2026-12-11T09:00:00,active,,
M1090,P1090,A1090,MER0143|MER0031,3526461,2026-04-14T18:00:00,2026-04-14T18:00:00,2027-03-24T18:00:00,active,,2026-06-11T20:48:02.955176
M1091,P1091,A1091,MER0028|MER0143|MER0037|MER0067,904948,2026-04-13T22:00:00,2026-04-13T22:00:00,2027-08-13T22:00:00,active,,2026-05-06T15:01:34.341090|2026-05-21T12:15:41.597161
M1092,P1092,A1092,MER0081|MER0142,6654594,2026-04-09T00:00:00,2026-04-09T00:00:00,2027-04-10T00:00:00,active,,2026-04-13T22:11:59.734788|2026-07-26T06:19:33.055225|2026-07-26T06:40:29.127438
M1093,P1093,A1093,MER0032|MER0034,6261861,2026-04-15T19:00:00,2026-04-15T19:00:00,2026-07-10T19:00:00,active,,2026-05-19T23:25:29.221261|2026-06-13T04:17:04.569830|2026-06-14T10:15:03.873699|2026-06-21T22:51:30.666228
M1094,P1094,A1094,MER0149|MER0140|MER0196,6955124,2026-04-12T23:00:00,2026-04-12T23:00:00,2027-08-30T23:00:00,active,,2026-05-31T13:06:33.602849|2026-06-14T11:15:18.084398
M1095,P1095,A1095,MER0133|MER0173|MER0026,1861079,2026-04-16T14:00:00,2026-04-16T14:00:00,2026-12-16T14:00:00,active,,2026-04-18T09:57:24.235624|2026-04-19T21:45:27.145388|2026-06-29T20:18:29.606932
M1096,P1096,A1096,MER0090|MER0173|MER0027|MER0101,2514237,2026-04-09T02:00:00,2026-04-09T02:00:00,2027-03-20T02:00:00,active,,2026-04-30T10:28:25.412417|2026-05-24T13:20:14.275396|2026-07-13T15:18:56.784143|2026-07-14T16:04:11.042320
M1097,P1097,A1097,MER0142|MER0079,1051341,2026-04-07T16:00:00,2026-04-07T16:00:00,2027-08-01T16:00:00,active,,2026-04-14T16:01:14.416325|2026-04-22T15:16:08.115906|2026-06-23T18:49:16.782707|2026-07-10T10:06:46.167079
M1098,P1098,A1098,MER0177|MER0196|MER0062|MER0067,3942011,2026-04-09T03:00:00,2026-04-09T03:00:00,2027-03-09T03:00:00,active,,
M1099,P1099,A1099,MER0013|MER0138|MER0174|MER0125,2708005,2026-04-11T19:00:00,2026-04-11T19:00:00,2027-01-31T19:00:00,active,,
M1100,P1100,A1100,MER0166|MER0036,3950541,2026-04-19T10:00:00,2026-04-19T10:00:00,2027-01-09T10:00:00,active,,2026-06-04T23:21:37.321043|2026-07-03T20:46:09.868324|2026-07-22T20:44:08.849063
M1101,P1101,A1101,MER0112|MER0053|MER0080,4324891,2026-04-15T19:00:00,2026-04-15T19:00:00,2027-01-10T19:00:00,active,,
M1102,P1102,A1102,MER0071|MER0168|MER0017,4135175,2026-04-07T08:00:00,2026-04-07T08:00:00,2026-12-26T08:00:00,active,,
M1103,P1103,A1103,MER0167|MER0131,7092777,2026-04-15T00:00:00,2026-04-15T00:00:00,2027-02-02T00:00:00,active,,2026-05-28T19:58:59.669161|2026-06-16T18:31:06.644316
M1104,P1104,A1104,MER0062|MER0149|MER0000,932377,2026-04-06T18:00:00,2026-04-06T18:00:00,2027-08-29T18:00:00,active,,
M1105,P1105,A1105,MER0120|MER0052|MER0139|MER0172,10569354,2026-04-05T02:00:00,2026-04-05T02:00:00,2027-04-08T02:00:00,active,,2026-04-10T07:14:40.059130
M1106,P1106,A1106,MER0055|MER0038|MER0014,8093146,2026-04-12T12:00:00,2026-04-12T12:00:00,2027-09-13T12:00:00,active,,2026-04-16T09:14:41.580644|2026-05-16T07:44:24.617615|2026-06-27T23:03:21.792434|2026-07-27T23:23:50.598791
M1107,P1107,A1107,MER0115|MER0165,1268525,2026-04-24T21:00:00,2026-04-24T21:00:00,2027-01-13T21:00:00,active,,2026-05-29T10:10:10.459434|2026-06-01T13:10:41.838268
M1108,P1108,A1108,MER0164|MER0128,875057,2026-04-09T23:00:00,2026-04-09T23:00:00,2027-09-01T23:00:00,active,,
M1109,P1109,A1109,MER0114|MER0031,3204915,2026-04-15T16:00:00,2026-04-15T16:00:00,2027-09-14T16:00:00,active,,
M1110,P1110,A1110,MER0045|MER0195,5258198,2026-04-17T15:00:00,2026-04-17T15:00:00,2027-01-19T15:00:00,active,,
M1111,P1111,A1111,MER0081|MER0103,1707387,2026-04-19T21:00:00,2026-04-19T21:00:00,2027-02-06T21:00:00,active,,2026-04-29T18:14:21.945511|2026-06-03T01:03:33.530575
M1112,P1112,A1112,MER0155|MER0140,1146049,2026-04-05T04:00:00,2026-04-05T04:00:00,2027-05-25T04:00:00,revoked,2026-05-26T04:00:00,2026-04-12T04:57:06.492120|2026-04-14T02:04:26.071801|2026-05-01T10:47:58.798851|2026-05-15T13:29:40.691516
M1113,P1113,A1113,MER0010|MER0025|MER0004,1318532,2026-04-18T08:00:00,2026-04-18T08:00:00,2026-12-05T08:00:00,active,,
M1114,P1114,A1114,MER0183|MER0061,843828,2026-04-06T08:00:00,2026-04-06T08:00:00,2027-08-21T08:00:00,active,,
M1115,P1115,A1115,MER0070|MER0140|MER0155|MER0062,2689594,2026-04-14T05:00:00,2026-04-14T05:00:00,2026-12-17T05:00:00,active,,
M1116,P1116,A1116,MER0045|MER0042|MER0048|MER0161,641238,2026-04-04T17:00:00,2026-04-04T17:00:00,2027-08-08T17:00:00,active,,
M1117,P1117,A1117,MER0185|MER0037|MER0056|MER0114,2270974,2026-04-15T04:00:00,2026-04-15T04:00:00,2027-08-24T04:00:00,active,,2026-05-11T20:15:59.843502|2026-06-24T17:05:32.055262|2026-07-20T14:09:18.150078
M1118,P1118,A1118,MER0154|MER0092|MER0024|MER0043,1402149,2026-04-20T04:00:00,2026-04-20T04:00:00,2027-10-02T04:00:00,active,,2026-04-21T19:18:08.980964|2026-06-27T17:39:42.423775
M1119,P1119,A1119,MER0088|MER0036|MER0171|MER0093,1848443,2026-04-07T01:00:00,2026-04-07T01:00:00,2026-11-09T01:00:00,active,,2026-05-10T17:44:59.545758|2026-05-23T13:28:30.527601|2026-06-05T00:51:08.639012|2026-06-22T09:45:55.301487
M1120,P1120,A1120,MER0153|MER0121|MER0124|MER0024,4319310,2026-04-14T23:00:00,2026-04-14T23:00:00,2027-06-11T23:00:00,revoked,2026-06-13T23:00:00,2026-06-02T02:47:00.762673
M1121,P1121,A1121,MER0024|MER0122|MER0035|MER0135,2768755,2026-04-11T05:00:00,2026-04-11T05:00:00,2027-09-17T05:00:00,active,,2026-06-13T20:40:45.013762
M1122,P1122,A1122,MER0186|MER0123,816597,2026-04-21T14:00:00,2026-04-21T14:00:00,2027-06-05T14:00:00,active,,2026-04-28T14:28:31.794194|2026-07-11T22:13:38.964706
M1123,P1123,A1123,MER0076|MER0050,5185642,2026-04-16T11:00:00,2026-04-16T11:00:00,2026-11-18T11:00:00,active,,
M1124,P1124,A1124,MER0022|MER0045,10623252,2026-04-12T05:00:00,2026-04-12T05:00:00,2027-07-28T05:00:00,active,,
M1125,P1125,A1125,MER0151|MER0172|MER0184,3290215,2026-04-24T06:00:00,2026-04-24T06:00:00,2027-08-06T06:00:00,active,,2026-05-11T06:03:31.474601
M1126,P1126,A1126,MER0065|MER0027|MER0056,1198139,2026-04-08T05:00:00,2026-04-08T05:00:00,2027-09-15T05:00:00,active,,2026-06-08T15:16:59.197956|2026-06-26T19:04:05.491975|2026-07-27T02:55:11.228831
M1127,P1127,A1127,MER0177|MER0143|MER0114|MER0067,7436002,2026-04-23T14:00:00,2026-04-23T14:00:00,2027-10-05T14:00:00,active,,
M1128,P1128,A1128,MER0068|MER0043|MER0197,3868013,2026-04-06T17:00:00,2026-04-06T17:00:00,2027-03-20T17:00:00,active,,2026-04-12T23:04:43.316094|2026-04-22T01:08:32.040338|2026-04-28T14:27:41.937356
M1129,P1129,A1129,MER0014|MER0102|MER0007|MER0100,1402678,2026-04-19T01:00:00,2026-04-19T01:00:00,2027-03-09T01:00:00,active,,2026-04-20T03:54:52.619046|2026-06-07T23:53:17.085451|2026-07-01T13:26:45.094231
M1130,P1130,A1130,MER0149|MER0140|MER0090|MER0177,5896564,2026-04-17T08:00:00,2026-04-17T08:00:00,2027-08-03T08:00:00,active,,2026-04-27T14:12:39.990186|2026-07-12T05:16:28.154728|2026-07-19T08:29:40.337389
M1131,P1131,A1131,MER0147|MER0009|MER0070,3755270,2026-04-13T03:00:00,2026-04-13T03:00:00,2027-02-12T03:00:00,active,,
M1132,P1132,A1132,MER0009|MER0196,1153190,2026-04-15T18:00:00,2026-04-15T18:00:00,2027-08-23T18:00:00,active,,2026-04-28T09:36:39.361762
M1133,P1133,A1133,MER0120|MER0049|MER0184|MER0123,10680739,2026-04-10T21:00:00,2026-04-10T21:00:00,2027-09-27T21:00:00,active,,2026-05-01T18:30:43.303202
M1134,P1134,A1134,MER0046|MER0176,1074895,2026-04-09T06:00:00,2026-04-09T06:00:00,2027-01-19T06:00:00,active,,2026-07-14T19:44:18.933772
M1135,P1135,A1135,MER0167|MER0199|MER0183,5063544,2026-04-21T22:00:00,2026-04-21T22:00:00,2027-04-14T22:00:00,active,,2026-05-17T17:13:58.173057|2026-07-07T06:55:34.318510|2026-07-19T09:10:53.769423|2026-07-29T03:41:56.914370
M1136,P1136,A1136,MER0065|MER0090|MER0070|MER0026,5099164,2026-04-13T16:00:00,2026-04-13T16:00:00,2027-07-28T16:00:00,active,,
M1137,P1137,A1137,MER0095|MER0105,1008528,2026-04-22T05:00:00,2026-04-22T05:00:00,2027-08-09T05:00:00,active,,
M1138,P1138,A1138,MER0176|MER0182,684064,2026-04-08T10:00:00,2026-04-08T10:00:00,2027-08-04T10:00:00,active,,2026-05-04T02:38:35.789876|2026-06-13T11:04:48.243226|2026-06-30T04:15:24.722677|2026-07-10T19:15:23.039692
M1139,P1139,A1139,MER0188|MER0099|MER0039|MER0092,4181334,2026-04-08T07:00:00,2026-04-08T07:00:00,2027-07-24T07:00:00,active,,2026-04-22T07:16:09.302634|2026-06-02T09:20:06.992385
M1140,P1140,A1140,MER0093|MER0085|MER0163,4342015,2026-04-14T13:00:00,2026-04-14T13:00:00,2027-05-10T13:00:00,active,,2026-04-28T23:41:50.269969|2026-07-16T11:16:49.910200
M1141,P1141,A1141,MER0011|MER0085,2332991,2026-04-12T13:00:00,2026-04-12T13:00:00,2027-03-13T13:00:00,active,,2026-06-14T07:09:22.884062|2026-07-12T05:51:52.908902
M1142,P1142,A1142,MER0102|MER0030|MER0040|MER0033,10309434,2026-04-10T23:00:00,2026-04-10T23:00:00,2027-03-26T23:00:00,active,,
M1143,P1143,A1143,MER0190|MER0128|MER0064|MER0117,830005,2026-04-21T22:00:00,2026-04-21T22:00:00,2027-06-16T22:00:00,active,,
M1144,P1144,A1144,MER0185|MER0063,2636328,2026-04-05T17:00:00,2026-04-05T17:00:00,2027-07-11T17:00:00,active,,2026-04-15T02:46:53.344047|2026-05-02T09:03:49.495265|2026-05-22T16:59:30.425102
M1145,P1145,A1145,MER0122|MER0021|MER0080|MER0109,3961434,2026-04-08T13:00:00,2026-04-08T13:00:00,2026-12-24T13:00:00,active,,
M1146,P1146,A1146,MER0059|MER0088,2936419,2026-04-17T19:00:00,2026-04-17T19:00:00,2027-05-10T19:00:00,active,,2026-05-12T22:02:55.633395|2026-06-04T16:06:09.250238|2026-06-18T01:17:46.081029
M1147,P1147,A1147,MER0128|MER0179|MER0015|MER0019,1023360,2026-04-21T18:00:00,2026-04-21T18:00:00,2026-12-29T18:00:00,active,,2026-05-08T01:10:39.115441
M1148,P1148,A1148,MER0156|MER0139,8688087,2026-04-12T05:00:00,2026-04-12T05:00:00,2027-01-13T05:00:00,active,,2026-04-19T13:53:34.932791|2026-05-08T02:26:39.895074|2026-07-08T17:56:41.964093
M1149,P1149,A1149,MER0046|MER0182,5957055,2026-04-22T18:00:00,2026-04-22T18:00:00,2027-04-10T18:00:00,active,,
M1150,P1150,A1150,MER0068|MER0049,5089956,2026-04-19T10:00:00,2026-04-19T10:00:00,2026-05-30T10:00:00,active,,2026-04-20T19:33:44.609377|2026-04-24T17:29:41.445522|2026-04-28T14:14:05.030881|2026-05-13T08:40:20.030375
M1151,P1151,A1151,MER0060|MER0076,1524709,2026-04-17T06:00:00,2026-04-17T06:00:00,2027-10-03T06:00:00,active,,
M1152,P1152,A1152,MER0000|MER0148|MER0147,1646749,2026-04-08T07:00:00,2026-04-08T07:00:00,2027-03-31T07:00:00,active,,2026-04-28T21:41:48.586673
M1153,P1153,A1153,MER0080|MER0023|MER0034,1240863,2026-04-08T15:00:00,2026-04-08T15:00:00,2027-07-16T15:00:00,active,,
M1154,P1154,A1154,MER0007|MER0069,4102854,2026-04-12T22:00:00,2026-04-12T22:00:00,2026-12-15T22:00:00,revoked,2026-06-25T22:00:00,2026-06-22T00:21:07.638140
M1155,P1155,A1155,MER0008|MER0035|MER0144|MER0053,5475458,2026-04-09T19:00:00,2026-04-09T19:00:00,2027-03-04T19:00:00,revoked,2026-06-11T19:00:00,2026-04-26T20:18:28.557171|2026-05-09T11:18:14.708143|2026-06-04T13:02:58.423900|2026-06-06T14:26:32.043963
M1156,P1156,A1156,MER0195|MER0159|MER0093,10110254,2026-04-12T03:00:00,2026-04-12T03:00:00,2027-08-12T03:00:00,active,,2026-04-18T13:55:17.347382|2026-05-22T08:08:02.919979|2026-06-11T03:53:18.078351
M1157,P1157,A1157,MER0052|MER0153|MER0051,5642453,2026-04-14T09:00:00,2026-04-14T09:00:00,2026-11-12T09:00:00,active,,2026-07-10T06:14:32.316343
M1158,P1158,A1158,MER0118|MER0124|MER0128|MER0172,3050097,2026-04-13T22:00:00,2026-04-13T22:00:00,2027-06-26T22:00:00,active,,2026-06-06T08:19:57.004375|2026-06-21T15:42:18.455656
M1159,P1159,A1159,MER0026|MER0056|MER0028|MER0031,4200365,2026-04-05T06:00:00,2026-04-05T06:00:00,2026-12-02T06:00:00,active,,
M1160,P1160,A1160,MER0100|MER0170,13009625,2026-04-18T00:00:00,2026-04-18T00:00:00,2027-09-22T00:00:00,active,,
M1161,P1161,A1161,MER0012|MER0152|MER0083,5776515,2026-04-05T17:00:00,2026-04-05T17:00:00,2027-08-04T17:00:00,active,,2026-04-27T09:06:59.717252|2026-05-13T15:15:25.156086|2026-06-26T06:20:04.838746
M1162,P1162,A1162,MER0030|MER0055|MER0042,1247954,2026-04-19T01:00:00,2026-04-19T01:00:00,2027-02-20T01:00:00,active,,2026-04-22T05:32:38.073602|2026-07-16T11:18:55.692039
M1163,P1163,A1163,MER0033|MER0106,1696994,2026-04-09T01:00:00,2026-04-09T01:00:00,2027-09-21T01:00:00,active,,
M1164,P1164,A1164,MER0064|MER0001|MER0179,10767319,2026-04-09T13:00:00,2026-04-09T13:00:00,2027-03-05T13:00:00,active,,
M1165,P1165,A1165,MER0160|MER0163|MER0159,6407618,2026-04-20T15:00:00,2026-04-20T15:00:00,2026-06-28T15:00:00,active,,2026-04-22T07:50:57.886393|2026-05-17T01:40:47.083832
M1166,P1166,A1166,MER0158|MER0119|MER0032,7562192,2026-04-22T21:00:00,2026-04-22T21:00:00,2027-10-03T21:00:00,active,,2026-06-02T04:53:31.280721|2026-06-25T16:57:14.939519
M1167,P1167,A1167,MER0187|MER0089,7882181,2026-04-16T15:00:00,2026-04-16T15:00:00,2027-06-01T15:00:00,active,,2026-05-04T10:14:43.060304|2026-05-25T06:54:20.399011
M1168,P1168,A1168,MER0126|MER0018,1141662,2026-04-15T23:00:00,2026-04-15T23:00:00,2026-12-23T23:00:00,active,,2026-05-02T22:54:48.429971|2026-06-16T15:57:37.979091|2026-07-24T06:25:25.553828
M1169,P1169,A1169,MER0026|MER0096,9746182,2026-04-16T14:00:00,2026-04-16T14:00:00,2027-08-11T14:00:00,active,,
M1170,P1170,A1170,MER0129|MER0087|MER0136|MER0092,2652313,2026-04-18T19:00:00,2026-04-18T19:00:00,2027-01-01T19:00:00,active,,2026-04-24T04:39:59.861095|2026-06-27T04:36:23.451403|2026-07-27T01:10:39.483172
M1171,P1171,A1171,MER0101|MER0070,1882095,2026-04-23T09:00:00,2026-04-23T09:00:00,2027-09-27T09:00:00,active,,2026-05-16T05:34:44.455880|2026-07-04T07:29:54.245363
M1172,P1172,A1172,MER0020|MER0099,7182076,2026-04-22T11:00:00,2026-04-22T11:00:00,2027-02-10T11:00:00,active,,2026-05-10T23:01:47.313166
M1173,P1173,A1173,MER0055|MER0016,11195132,2026-04-16T00:00:00,2026-04-16T00:00:00,2027-09-17T00:00:00,active,,2026-06-13T01:30:08.557934|2026-06-13T14:30:39.689109|2026-07-18T04:35:37.064939
M1174,P1174,A1174,MER0129|MER0110|MER0003,1973956,2026-04-07T14:00:00,2026-04-07T14:00:00,2027-03-20T14:00:00,active,,2026-04-23T19:26:03.951941|2026-05-13T10:06:25.588473|2026-05-13T20:15:19.566431|2026-07-12T23:32:23.925278
M1175,P1175,A1175,MER0107|MER0055,1334314,2026-04-22T09:00:00,2026-04-22T09:00:00,2027-06-30T09:00:00,active,,2026-06-13T22:22:32.152678|2026-07-14T17:36:50.859310
M1176,P1176,A1176,MER0129|MER0108|MER0111,1086169,2026-04-07T15:00:00,2026-04-07T15:00:00,2026-12-09T15:00:00,active,,
M1177,P1177,A1177,MER0042|MER0134|MER0055|MER0016,3742056,2026-04-09T12:00:00,2026-04-09T12:00:00,2027-09-24T12:00:00,revoked,2026-06-06T12:00:00,2026-04-16T22:15:59.352161|2026-05-10T19:38:09.000199|2026-05-25T20:42:21.432376
M1178,P1178,A1178,MER0162|MER0184|MER0043,7213542,2026-04-06T07:00:00,2026-04-06T07:00:00,2027-05-19T07:00:00,active,,
M1179,P1179,A1179,MER0190|MER0198|MER0105|MER0186,9445358,2026-04-19T07:00:00,2026-04-19T07:00:00,2027-07-06T07:00:00,active,,2026-04-26T02:34:04.684650
M1180,P1180,A1180,MER0143|MER0005|MER0046,1857999,2026-04-03T04:00:00,2026-04-03T04:00:00,2027-01-08T04:00:00,active,,2026-04-26T09:58:45.944645|2026-06-07T08:31:41.546329
M1181,P1181,A1181,MER0093|MER0194,3930955,2026-04-04T21:00:00,2026-04-04T21:00:00,2027-02-16T21:00:00,active,,2026-04-06T02:21:57.906038|2026-06-09T04:55:54.968863
M1182,P1182,A1182,MER0046|MER0143|MER0185|MER0017,4588798,2026-04-05T05:00:00,2026-04-05T05:00:00,2027-09-24T05:00:00,active,,
M1183,P1183,A1183,MER0065|MER0056,1316976,2026-04-20T14:00:00,2026-04-20T14:00:00,2027-06-30T14:00:00,active,,2026-05-13T05:55:26.923187|2026-06-09T10:22:22.426831
M1184,P1184,A1184,MER0158|MER0118,5667040,2026-04-23T08:00:00,2026-04-23T08:00:00,2027-07-24T08:00:00,active,,
M1185,P1185,A1185,MER0140|MER0149,11982152,2026-04-06T16:00:00,2026-04-06T16:00:00,2027-03-08T16:00:00,active,,2026-04-29T12:02:47.355786
M1186,P1186,A1186,MER0053|MER0068|MER0084|MER0197,1208986,2026-04-07T07:00:00,2026-04-07T07:00:00,2027-06-21T07:00:00,active,,2026-05-30T20:31:58.639493|2026-06-15T16:50:13.244910
M1187,P1187,A1187,MER0150|MER0093|MER0006|MER0116,742341,2026-04-19T08:00:00,2026-04-19T08:00:00,2027-09-14T08:00:00,revoked,2026-07-16T08:00:00,
M1188,P1188,A1188,MER0046|MER0000|MER0177|MER0176,1793999,2026-04-07T18:00:00,2026-04-07T18:00:00,2027-02-07T18:00:00,active,,
M1189,P1189,A1189,MER0148|MER0143|MER0029|MER0149,10137622,2026-04-20T21:00:00,2026-04-20T21:00:00,2027-08-16T21:00:00,active,,
M1190,P1190,A1190,MER0179|MER0110,782793,2026-04-15T19:00:00,2026-04-15T19:00:00,2026-07-09T19:00:00,active,,
M1191,P1191,A1191,MER0115|MER0106|MER0104|MER0116,9901793,2026-04-21T01:00:00,2026-04-21T01:00:00,2027-08-27T01:00:00,active,,
M1192,P1192,A1192,MER0093|MER0138,13024180,2026-04-09T20:00:00,2026-04-09T20:00:00,2027-08-05T20:00:00,active,,
M1193,P1193,A1193,MER0065|MER0071|MER0147,4778952,2026-04-24T17:00:00,2026-04-24T17:00:00,2027-06-05T17:00:00,active,,
M1194,P1194,A1194,MER0008|MER0139|MER0099|MER0153,11856396,2026-04-08T16:00:00,2026-04-08T16:00:00,2027-08-03T16:00:00,active,,2026-04-10T02:26:01.354755|2026-04-12T02:33:43.481583|2026-05-24T10:55:15.387845|2026-06-13T12:56:37.543592
M1195,P1195,A1195,MER0111|MER0157|MER0094,5227692,2026-04-20T23:00:00,2026-04-20T23:00:00,2027-08-05T23:00:00,active,,2026-07-11T23:00:21.483149|2026-07-12T00:48:43.034542
M1196,P1196,A1196,MER0143|MER0149,3977439,2026-04-10T19:00:00,2026-04-10T19:00:00,2027-06-29T19:00:00,active,,2026-06-09T23:29:33.594096|2026-06-10T08:03:44.429699|2026-07-02T03:54:53.385883|2026-07-31T11:39:04.880422
M1197,P1197,A1197,MER0177|MER0005|MER0070|MER0086,2732469,2026-04-13T01:00:00,2026-04-13T01:00:00,2027-01-03T01:00:00,active,,2026-05-02T11:58:34.691660|2026-05-19T07:43:15.278108|2026-07-13T07:07:10.348976|2026-07-17T15:10:22.156451
M1198,P1198,A1198,MER0116|MER0040,3275490,2026-04-17T03:00:00,2026-04-17T03:00:00,2027-03-11T03:00:00,active,,
M1199,P1199,A1199,MER0055|MER0078|MER0166|MER0076,10101720,2026-04-15T10:00:00,2026-04-15T10:00:00,2026-07-20T10:00:00,active,,2026-07-01T20:15:18.685068|2026-07-08T12:50:58.518805
